id,location,city,property_type,listing_type,price_tzs,bedrooms,bathrooms,size_sqm,description,amenities,owner_name,owner_phone,owner_email,date_added
264,Mazimbu,Morogoro,Single_Room,rent,38333,1,0,16,"Realistic Single Room in Mazimbu, Morogoro. Based on current market rates for Morogoro.","WiFi, Parking, Security, Water",Joyce Bakari,+255 756 318558,joyce.bakari@outlook.com,2026-04-02
215,Mabukweni,Tanga,Single_Room,rent,40823,1,0,16,"Realistic Single Room in Mabukweni, Tanga. Based on current market rates for Tanga.","Security, Water, Electricity, Parking",Grace Mwangi,+255 765 475866,grace.mwangi@yahoo.com,2026-04-02
226,Makorora,Tanga,Single_Room,rent,46304,1,0,18,"Realistic Single Room in Makorora, Tanga. Based on current market rates for Tanga.","Security, Water, Electricity, Parking",Khadija Mwangi,+255 714 919966,khadija.mwangi@outlook.com,2026-04-02
200,Chumbageni,Tanga,Single_Room,rent,49843,1,0,20,"Realistic Single Room in Chumbageni, Tanga. Based on current market rates for Tanga.","Parking, Security, Water, Electricity",Khadija Saidi,+255 712 895535,khadija.saidi@outlook.com,2026-04-02
237,Kihonda,Morogoro,Master_Room,rent,54119,1,1,22,"Realistic Master Room in Kihonda, Morogoro. Based on current market rates for Morogoro.","Security, Water, Electricity, Parking",Saida Juma,+255 756 561685,saida.juma@yahoo.com,2026-04-02
187,Mabatini,Mbeya,Single_Room,rent,55525,1,0,16,"Realistic Single Room in Mabatini, Mbeya. Based on current market rates for Mbeya.","WiFi, Parking, Security, Water",Khadija Hassan,+255 765 971956,khadija.hassan@gmail.com,2026-04-02
130,Nyakato,Mwanza,Single_Room,rent,58863,1,0,15,"Realistic Single Room in Nyakato, Mwanza. Based on current market rates for Mwanza.","WiFi, Parking, Security, Water",Saida Hassan,+255 712 352333,saida.hassan@hotmail.com,2026-04-02
252,Mji Mpya,Morogoro,Single_Room,rent,67095,1,0,24,"Realistic Single Room in Mji Mpya, Morogoro. Based on current market rates for Morogoro.","Security, Water, Electricity, Parking",Zainab Saidi,+255 715 780821,zainab.saidi@outlook.com,2026-04-02
188,Mabatini,Mbeya,Single_Room,rent,67962,1,0,21,"Realistic Single Room in Mabatini, Mbeya. Based on current market rates for Mbeya.","WiFi, Parking, Security, Water",Fatuma Mwangi,+255 766 525970,fatuma.mwangi@outlook.com,2026-04-02
116,Sanawari,Arusha,Single_Room,rent,68585,1,0,14,"Realistic Single Room in Sanawari, Arusha. Based on current market rates for Arusha.","WiFi, Security, Water, Electricity",Khadija Juma,+255 714 293371,khadija.juma@yahoo.com,2026-04-02
51,Mipango Street,Dodoma,Single_Room,rent,68591,1,0,22,"Realistic Single Room in Mipango Street, Dodoma. Based on current market rates for Dodoma.","Parking, Security, WiFi, Water, Electricity",Saida Juma,+255 765 438280,saida.juma@outlook.com,2026-04-02
173,Iyunga,Mbeya,Master_Room,rent,70460,1,1,20,"Realistic Master Room in Iyunga, Mbeya. Based on current market rates for Mbeya.","Security, Water, Electricity, Parking",Joyce Ali,+255 712 176297,joyce.ali@gmail.com,2026-04-02
227,Makorora,Tanga,Single_Room,rent,71469,1,0,25,"Realistic Single Room in Makorora, Tanga. Based on current market rates for Tanga.","Parking, Security, Water, Electricity",Saida Bakari,+255 767 376882,saida.bakari@hotmail.com,2026-04-02
225,Makorora,Tanga,Master_Room,rent,74749,1,1,31,"Realistic Master Room in Makorora, Tanga. Based on current market rates for Tanga.","WiFi, Parking, Security, Water",Joyce Rashid,+255 712 778404,joyce.rashid@hotmail.com,2026-04-02
14,Masaki,Dar es Salaam,Studio_Apartment,rent,74786,1,1,29,"Realistic Studio Apartment in Masaki, Dar es Salaam. Based on current market rates for Dar es Salaam.","Security, Water, Electricity, Parking",Saida Hassan,+255 712 589556,saida.hassan@yahoo.com,2026-04-02
198,Chumbageni,Tanga,Master_Room,rent,74805,1,1,24,"Realistic Master Room in Chumbageni, Tanga. Based on current market rates for Tanga.","WiFi, Parking, Security, Water",Grace Khamis,+255 715 828701,grace.khamis@outlook.com,2026-04-02
186,Mabatini,Mbeya,Master_Room,rent,78139,1,1,22,"Realistic Master Room in Mabatini, Mbeya. Based on current market rates for Mbeya.","WiFi, Parking, Security, Water",Anna Hassan,+255 767 931018,anna.hassan@gmail.com,2026-04-02
212,Mabukweni,Tanga,Master_Room,rent,81554,1,1,30,"Realistic Master Room in Mabukweni, Tanga. Based on current market rates for Tanga.","WiFi, Parking, Security, Water",Anna Saidi,+255 713 674695,anna.saidi@hotmail.com,2026-04-02
28,Oyster Bay,Dar es Salaam,Studio_Apartment,rent,83627,1,1,30,"Realistic Studio Apartment in Oyster Bay, Dar es Salaam. Based on current market rates for Dar es Salaam.","Parking, Security, WiFi, Water, Electricity",Anna Bakari,+255 765 616311,anna.bakari@hotmail.com,2026-04-02
154,Ilemela,Mwanza,Single_Room,rent,85938,1,0,21,"Realistic Single Room in Ilemela, Mwanza. Based on current market rates for Mwanza.","Parking, Security, WiFi, Water, Electricity",Saida Mwangi,+255 756 844706,saida.mwangi@yahoo.com,2026-04-02
163,Uyole,Mbeya,Master_Room,rent,87327,1,1,27,"Realistic Master Room in Uyole, Mbeya. Based on current market rates for Mbeya.","Parking, Security, WiFi, Water, Electricity",Aisha Khamis,+255 715 489060,aisha.khamis@gmail.com,2026-04-02
125,Nyakato,Mwanza,Master_Room,rent,97536,1,1,20,"Realistic Master Room in Nyakato, Mwanza. Based on current market rates for Mwanza.","Parking, Security, Water, Electricity",Zainab Saidi,+255 767 224688,zainab.saidi@outlook.com,2026-04-02
217,Mabukweni,Tanga,Studio_Apartment,rent,97676,1,1,26,"Realistic Studio Apartment in Mabukweni, Tanga. Based on current market rates for Tanga.","WiFi, Security, Water, Electricity",Anna Hassan,+255 715 835432,anna.hassan@hotmail.com,2026-04-02
141,Buzuruga,Mwanza,Single_Room,rent,97769,1,0,21,"Realistic Single Room in Buzuruga, Mwanza. Based on current market rates for Mwanza.","WiFi, Parking, Security, Water",Khadija Mussa,+255 765 432946,khadija.mussa@hotmail.com,2026-04-02
100,Themi,Arusha,Master_Room,rent,106444,1,1,21,"Realistic Master Room in Themi, Arusha. Based on current market rates for Arusha.","WiFi, Security, Water, Electricity",Mariam Ali,+255 755 723141,mariam.ali@hotmail.com,2026-04-02
26,Oyster Bay,Dar es Salaam,Studio_Apartment,rent,112180,1,1,41,"Realistic Studio Apartment in Oyster Bay, Dar es Salaam. Based on current market rates for Dar es Salaam.","Security, Water, Electricity, Parking",Saida Mussa,+255 756 970592,saida.mussa@outlook.com,2026-04-02
47,Mipango Street,Dodoma,Master_Room,rent,113569,1,1,33,"Realistic Master Room in Mipango Street, Dodoma. Based on current market rates for Dodoma.","WiFi, Parking, Security, Water",Joyce Mwangi,+255 716 748156,joyce.mwangi@yahoo.com,2026-04-02
242,Kihonda,Morogoro,Studio_Apartment,rent,118349,1,1,34,"Realistic Studio Apartment in Kihonda, Morogoro. Based on current market rates for Morogoro.","WiFi, Parking, Security, Water",Khadija Mohamed,+255 756 453707,khadija.mohamed@yahoo.com,2026-04-02
126,Nyakato,Mwanza,Master_Room,rent,119351,1,1,31,"Realistic Master Room in Nyakato, Mwanza. Based on current market rates for Mwanza.","Parking, Security, WiFi, Water, Electricity",Mariam Rashid,+255 714 793411,mariam.rashid@yahoo.com,2026-04-02
190,Mabatini,Mbeya,Studio_Apartment,rent,120023,1,1,29,"Realistic Studio Apartment in Mabatini, Mbeya. Based on current market rates for Mbeya.","Parking, Security, Water, Electricity",Saida Mohamed,+255 754 553502,saida.mohamed@yahoo.com,2026-04-02
254,Mji Mpya,Morogoro,Studio_Apartment,rent,123917,1,1,42,"Realistic Studio Apartment in Mji Mpya, Morogoro. Based on current market rates for Morogoro.","Parking, Security, Water, Electricity",Anna Saidi,+255 716 583444,anna.saidi@yahoo.com,2026-04-02
241,Kihonda,Morogoro,Studio_Apartment,rent,129408,1,1,38,"Realistic Studio Apartment in Kihonda, Morogoro. Based on current market rates for Morogoro.","Parking, Security, Water, Electricity",Anna Ali,+255 766 518663,anna.ali@yahoo.com,2026-04-02
168,Uyole,Mbeya,Studio_Apartment,rent,133613,1,1,35,"Realistic Studio Apartment in Uyole, Mbeya. Based on current market rates for Mbeya.","WiFi, Parking, Security, Water",Joyce Rashid,+255 714 638352,joyce.rashid@outlook.com,2026-04-02
265,Mazimbu,Morogoro,Studio_Apartment,rent,140560,1,1,38,"Realistic Studio Apartment in Mazimbu, Morogoro. Based on current market rates for Morogoro.","Parking, Security, Water, Electricity",Saida Juma,+255 714 134503,saida.juma@hotmail.com,2026-04-02
192,Mabatini,Mbeya,Studio_Apartment,rent,141338,1,1,32,"Realistic Studio Apartment in Mabatini, Mbeya. Based on current market rates for Mbeya.","Security, Water, Electricity, Parking",Anna Mwangi,+255 766 262326,anna.mwangi@gmail.com,2026-04-02
13,Masaki,Dar es Salaam,Studio_Apartment,rent,141435,1,1,41,"Realistic Studio Apartment in Masaki, Dar es Salaam. Based on current market rates for Dar es Salaam.","Security, Water, Electricity, Parking",Saida Saidi,+255 713 145619,saida.saidi@outlook.com,2026-04-02
89,Sekei,Arusha,Single_Room,rent,145730,1,0,24,"Realistic Single Room in Sekei, Arusha. Based on current market rates for Arusha.","Parking, Security, WiFi, Water, Electricity",Aisha Ali,+255 713 755978,aisha.ali@outlook.com,2026-04-02
119,Sanawari,Arusha,Studio_Apartment,rent,147628,1,1,26,"Realistic Studio Apartment in Sanawari, Arusha. Based on current market rates for Arusha.","Security, Water, Electricity, Parking",Saida Mohamed,+255 712 314535,saida.mohamed@outlook.com,2026-04-02
11,Masaki,Dar es Salaam,Single_Room,rent,148759,1,0,15,"Realistic Single Room in Masaki, Dar es Salaam. Based on current market rates for Dar es Salaam.","WiFi, Parking, Security, Water",Khadija Mussa,+255 755 372596,khadija.mussa@outlook.com,2026-04-02
228,Makorora,Tanga,Studio_Apartment,rent,158571,1,1,44,"Realistic Studio Apartment in Makorora, Tanga. Based on current market rates for Tanga.","Parking, Security, Water, Electricity",Grace Khamis,+255 712 374811,grace.khamis@gmail.com,2026-04-02
78,Madukani,Dodoma,Studio_Apartment,rent,163458,1,1,30,"Realistic Studio Apartment in Madukani, Dodoma. Based on current market rates for Dodoma.","Parking, Security, WiFi, Water, Electricity",Zainab Mohamed,+255 716 273975,zainab.mohamed@gmail.com,2026-04-02
53,Mipango Street,Dodoma,Studio_Apartment,rent,163721,1,1,37,"Realistic Studio Apartment in Mipango Street, Dodoma. Based on current market rates for Dodoma.","Parking, Security, Water, Electricity",Saida Mwangi,+255 754 940359,saida.mwangi@outlook.com,2026-04-02
204,Chumbageni,Tanga,Studio_Apartment,rent,165356,1,1,41,"Realistic Studio Apartment in Chumbageni, Tanga. Based on current market rates for Tanga.","Security, Water, Electricity, Parking",Joyce Bakari,+255 754 446076,joyce.bakari@hotmail.com,2026-04-02
132,Nyakato,Mwanza,Studio_Apartment,rent,169312,1,1,36,"Realistic Studio Apartment in Nyakato, Mwanza. Based on current market rates for Mwanza.","WiFi, Security, Water, Electricity",Aisha Ali,+255 715 145094,aisha.ali@hotmail.com,2026-04-02
220,Makorora,Tanga,Apartment,rent,174761,3,2,52,"Realistic Apartment in Makorora, Tanga. Based on current market rates for Tanga.","WiFi, Parking, Security, Water",Aisha Ali,+255 754 521483,aisha.ali@outlook.com,2026-04-02
273,Stone Town,Zanzibar,Master_Room,rent,180725,1,1,24,"Realistic Master Room in Stone Town, Zanzibar. Based on current market rates for Zanzibar.","WiFi, Parking, Security, Water",Khadija Mohamed,+255 715 218071,khadija.mohamed@outlook.com,2026-04-02
180,Mabatini,Mbeya,Apartment,rent,198925,3,1,53,"Realistic Apartment in Mabatini, Mbeya. Based on current market rates for Mbeya.","Parking, Security, Water, Electricity",Fatuma Mohamed,+255 767 697124,fatuma.mohamed@outlook.com,2026-04-02
39,Kinondoni,Dar es Salaam,Studio_Apartment,rent,218167,1,1,37,"Realistic Studio Apartment in Kinondoni, Dar es Salaam. Based on current market rates for Dar es Salaam.","WiFi, Security, Water, Electricity",Khadija Saidi,+255 714 545538,khadija.saidi@outlook.com,2026-04-02
77,Madukani,Dodoma,Studio_Apartment,rent,223118,1,1,43,"Realistic Studio Apartment in Madukani, Dodoma. Based on current market rates for Dodoma.","Security, Water, Electricity, Parking",Zainab Mwangi,+255 755 423127,zainab.mwangi@yahoo.com,2026-04-02
117,Sanawari,Arusha,Studio_Apartment,rent,224668,1,1,33,"Realistic Studio Apartment in Sanawari, Arusha. Based on current market rates for Arusha.","WiFi, Security, Water, Electricity",Grace Mwangi,+255 767 926737,grace.mwangi@gmail.com,2026-04-02
3,Masaki,Dar es Salaam,Apartment,rent,224709,1,2,70,"Realistic Apartment in Masaki, Dar es Salaam. Based on current market rates for Dar es Salaam.","Parking, Security, WiFi, Water, Electricity",Khadija Juma,+255 755 613934,khadija.juma@yahoo.com,2026-04-02
208,Mabukweni,Tanga,House,rent,231792,4,3,87,"Realistic House in Mabukweni, Tanga. Based on current market rates for Tanga.","WiFi, Security, Water, Electricity",Anna Khamis,+255 754 587076,anna.khamis@hotmail.com,2026-04-02
136,Buzuruga,Mwanza,Apartment,rent,234537,2,1,45,"Realistic Apartment in Buzuruga, Mwanza. Based on current market rates for Mwanza.","Parking, Security, Water, Electricity",Grace Bakari,+255 765 507531,grace.bakari@outlook.com,2026-04-02
296,Kendwa,Zanzibar,Master_Room,rent,234692,1,1,29,"Realistic Master Room in Kendwa, Zanzibar. Based on current market rates for Zanzibar.","WiFi, Security, Water, Electricity",Saida Mohamed,+255 713 125795,saida.mohamed@yahoo.com,2026-04-02
295,Kendwa,Zanzibar,Master_Room,rent,235327,1,1,29,"Realistic Master Room in Kendwa, Zanzibar. Based on current market rates for Zanzibar.","Parking, Security, Water, Electricity",Elizabeth Khamis,+255 754 516967,elizabeth.khamis@yahoo.com,2026-04-02
79,Madukani,Dodoma,Studio_Apartment,rent,237594,1,1,44,"Realistic Studio Apartment in Madukani, Dodoma. Based on current market rates for Dodoma.","WiFi, Parking, Security, Water",Grace Khamis,+255 716 199271,grace.khamis@hotmail.com,2026-04-02
209,Mabukweni,Tanga,House,rent,253545,4,2,95,"Realistic House in Mabukweni, Tanga. Based on current market rates for Tanga.","Security, Water, Electricity, Parking",Joyce Mussa,+255 715 713912,joyce.mussa@hotmail.com,2026-04-02
22,Oyster Bay,Dar es Salaam,Master_Room,rent,275701,1,1,26,"Realistic Master Room in Oyster Bay, Dar es Salaam. Based on current market rates for Dar es Salaam.","WiFi, Security, Water, Electricity",Mariam Hassan,+255 712 654270,mariam.hassan@gmail.com,2026-04-02
71,Madukani,Dodoma,House,rent,281162,3,3,83,"Realistic House in Madukani, Dodoma. Based on current market rates for Dodoma.","WiFi, Parking, Security, Water",Anna Mwangi,+255 716 869644,anna.mwangi@gmail.com,2026-04-02
147,Ilemela,Mwanza,Apartment,rent,282321,2,1,50,"Realistic Apartment in Ilemela, Mwanza. Based on current market rates for Mwanza.","Parking, Security, Water, Electricity",Saida Khamis,+255 754 469443,saida.khamis@outlook.com,2026-04-02
107,Sanawari,Arusha,Apartment,rent,284856,1,1,40,"Realistic Apartment in Sanawari, Arusha. Based on current market rates for Arusha.","WiFi, Security, Water, Electricity",Fatuma Rashid,+255 713 703367,fatuma.rashid@gmail.com,2026-04-02
92,Themi,Arusha,Apartment,rent,296577,2,2,43,"Realistic Apartment in Themi, Arusha. Based on current market rates for Arusha.","WiFi, Security, Water, Electricity",Joyce Rashid,+255 765 800775,joyce.rashid@gmail.com,2026-04-02
68,Madukani,Dodoma,Apartment,rent,298044,2,1,60,"Realistic Apartment in Madukani, Dodoma. Based on current market rates for Dodoma.","WiFi, Security, Water, Electricity",Elizabeth Mohamed,+255 716 195948,elizabeth.mohamed@gmail.com,2026-04-02
181,Mabatini,Mbeya,Apartment,rent,304206,3,2,78,"Realistic Apartment in Mabatini, Mbeya. Based on current market rates for Mbeya.","Parking, Security, Water, Electricity",Mariam Mohamed,+255 713 782914,mariam.mohamed@outlook.com,2026-04-02
161,Uyole,Mbeya,House,rent,331868,2,3,101,"Realistic House in Uyole, Mbeya. Based on current market rates for Mbeya.","Security, Water, Electricity, Parking",Mariam Juma,+255 765 391631,mariam.juma@gmail.com,2026-04-02
234,Kihonda,Morogoro,House,rent,332391,4,1,126,"Realistic House in Kihonda, Morogoro. Based on current market rates for Morogoro.","Parking, Security, Water, Electricity",Khadija Khamis,+255 756 327231,khadija.khamis@outlook.com,2026-04-02
257,Mazimbu,Morogoro,Apartment,rent,347632,2,2,111,"Realistic Apartment in Mazimbu, Morogoro. Based on current market rates for Morogoro.","WiFi, Parking, Security, Water",Zainab Rashid,+255 755 977193,zainab.rashid@hotmail.com,2026-04-02
158,Uyole,Mbeya,Apartment,rent,353120,3,2,82,"Realistic Apartment in Uyole, Mbeya. Based on current market rates for Mbeya.","Security, Water, Electricity, Parking",Khadija Saidi,+255 756 632249,khadija.saidi@outlook.com,2026-04-02
258,Mazimbu,Morogoro,Apartment,rent,403196,1,2,111,"Realistic Apartment in Mazimbu, Morogoro. Based on current market rates for Morogoro.","Parking, Security, Water, Electricity",Aisha Ali,+255 714 770944,aisha.ali@gmail.com,2026-04-02
69,Madukani,Dodoma,House,rent,468947,4,3,116,"Realistic House in Madukani, Dodoma. Based on current market rates for Dodoma.","Security, Water, Electricity, Parking",Grace Hassan,+255 714 163560,grace.hassan@hotmail.com,2026-04-02
85,Sekei,Arusha,House,rent,472425,4,3,80,"Realistic House in Sekei, Arusha. Based on current market rates for Arusha.","WiFi, Parking, Security, Water",Saida Mohamed,+255 756 308321,saida.mohamed@gmail.com,2026-04-02
81,Sekei,Arusha,Apartment,rent,492988,3,2,81,"Realistic Apartment in Sekei, Arusha. Based on current market rates for Arusha.","Parking, Security, Water, Electricity",Aisha Hassan,+255 767 959583,aisha.hassan@hotmail.com,2026-04-02
109,Sanawari,Arusha,House,rent,541159,3,3,100,"Realistic House in Sanawari, Arusha. Based on current market rates for Arusha.","Parking, Security, Water, Electricity",Saida Bakari,+255 713 228623,saida.bakari@yahoo.com,2026-04-02
160,Uyole,Mbeya,House,rent,576267,3,2,182,"Realistic House in Uyole, Mbeya. Based on current market rates for Mbeya.","Parking, Security, WiFi, Water, Electricity",Joyce Bakari,+255 766 130140,joyce.bakari@gmail.com,2026-04-02
134,Buzuruga,Mwanza,Apartment,rent,606978,2,1,112,"Realistic Apartment in Buzuruga, Mwanza. Based on current market rates for Mwanza.","Security, Water, Electricity, Parking",Grace Saidi,+255 765 978438,grace.saidi@hotmail.com,2026-04-02
195,Chumbageni,Tanga,House,rent,616237,3,3,195,"Realistic House in Chumbageni, Tanga. Based on current market rates for Tanga.","WiFi, Security, Water, Electricity",Fatuma Hassan,+255 714 840792,fatuma.hassan@hotmail.com,2026-04-02
269,Stone Town,Zanzibar,Apartment,rent,619937,2,2,86,"Realistic Apartment in Stone Town, Zanzibar. Based on current market rates for Zanzibar.","WiFi, Security, Water, Electricity",Saida Saidi,+255 716 327559,saida.saidi@hotmail.com,2026-04-02
93,Themi,Arusha,Apartment,rent,713330,3,2,113,"Realistic Apartment in Themi, Arusha. Based on current market rates for Arusha.","WiFi, Parking, Security, Water",Mariam Mohamed,+255 715 650318,mariam.mohamed@gmail.com,2026-04-02
97,Themi,Arusha,House,rent,735730,2,1,137,"Realistic House in Themi, Arusha. Based on current market rates for Arusha.","WiFi, Security, Water, Electricity",Elizabeth Saidi,+255 715 851113,elizabeth.saidi@yahoo.com,2026-04-02
280,Nungwi,Zanzibar,Apartment,rent,843176,3,1,101,"Realistic Apartment in Nungwi, Zanzibar. Based on current market rates for Zanzibar.","Security, Water, Electricity, Parking",Joyce Bakari,+255 714 131289,joyce.bakari@hotmail.com,2026-04-02
110,Sanawari,Arusha,House,rent,1146232,4,3,191,"Realistic House in Sanawari, Arusha. Based on current market rates for Arusha.","WiFi, Parking, Security, Water",Elizabeth Hassan,+255 714 398265,elizabeth.hassan@hotmail.com,2026-04-02
272,Stone Town,Zanzibar,House,rent,1331393,2,1,186,"Realistic House in Stone Town, Zanzibar. Based on current market rates for Zanzibar.","WiFi, Security, Water, Electricity",Anna Hassan,+255 712 112917,anna.hassan@gmail.com,2026-04-02
33,Kinondoni,Dar es Salaam,House,rent,1529645,3,3,192,"Realistic House in Kinondoni, Dar es Salaam. Based on current market rates for Dar es Salaam.","WiFi, Security, Water, Electricity",Grace Mohamed,+255 713 378699,grace.mohamed@outlook.com,2026-04-02
250,Mji Mpya,Morogoro,Single_Room,sale,7629978,1,0,12,"Realistic Single Room in Mji Mpya, Morogoro. Based on current market rates for Morogoro.","Parking, Security, Water, Electricity",Anna Mohamed,+255 755 410057,anna.mohamed@yahoo.com,2026-04-02
239,Kihonda,Morogoro,Single_Room,sale,9314704,1,0,15,"Realistic Single Room in Kihonda, Morogoro. Based on current market rates for Morogoro.","WiFi, Security, Water, Electricity",Joyce Mussa,+255 714 526788,joyce.mussa@yahoo.com,2026-04-02
251,Mji Mpya,Morogoro,Single_Room,sale,9597091,1,0,14,"Realistic Single Room in Mji Mpya, Morogoro. Based on current market rates for Morogoro.","WiFi, Parking, Security, Water",Fatuma Mussa,+255 767 795896,fatuma.mussa@yahoo.com,2026-04-02
177,Iyunga,Mbeya,Single_Room,sale,9766742,1,0,12,"Realistic Single Room in Iyunga, Mbeya. Based on current market rates for Mbeya.","Parking, Security, WiFi, Water, Electricity",Khadija Bakari,+255 713 200473,khadija.bakari@outlook.com,2026-04-02
201,Chumbageni,Tanga,Single_Room,sale,9821426,1,0,14,"Realistic Single Room in Chumbageni, Tanga. Based on current market rates for Tanga.","Parking, Security, Water, Electricity",Joyce Khamis,+255 715 660877,joyce.khamis@gmail.com,2026-04-02
142,Buzuruga,Mwanza,Single_Room,sale,11833377,1,0,12,"Realistic Single Room in Buzuruga, Mwanza. Based on current market rates for Mwanza.","WiFi, Security, Water, Electricity",Mariam Saidi,+255 712 677680,mariam.saidi@outlook.com,2026-04-02
214,Mabukweni,Tanga,Single_Room,sale,12455957,1,0,20,"Realistic Single Room in Mabukweni, Tanga. Based on current market rates for Tanga.","WiFi, Parking, Security, Water",Grace Mohamed,+255 715 730775,grace.mohamed@outlook.com,2026-04-02
238,Kihonda,Morogoro,Single_Room,sale,12947822,1,0,19,"Realistic Single Room in Kihonda, Morogoro. Based on current market rates for Morogoro.","Security, Water, Electricity, Parking",Zainab Saidi,+255 767 342016,zainab.saidi@outlook.com,2026-04-02
249,Mji Mpya,Morogoro,Master_Room,sale,13169509,1,1,23,"Realistic Master Room in Mji Mpya, Morogoro. Based on current market rates for Morogoro.","Parking, Security, Water, Electricity",Saida Bakari,+255 765 353734,saida.bakari@yahoo.com,2026-04-02
248,Mji Mpya,Morogoro,Master_Room,sale,13447451,1,1,20,"Realistic Master Room in Mji Mpya, Morogoro. Based on current market rates for Morogoro.","Security, Water, Electricity, Parking",Anna Khamis,+255 767 557026,anna.khamis@hotmail.com,2026-04-02
236,Kihonda,Morogoro,Master_Room,sale,13507479,1,1,24,"Realistic Master Room in Kihonda, Morogoro. Based on current market rates for Morogoro.","WiFi, Parking, Security, Water",Fatuma Bakari,+255 766 751066,fatuma.bakari@yahoo.com,2026-04-02
165,Uyole,Mbeya,Single_Room,sale,14227908,1,0,19,"Realistic Single Room in Uyole, Mbeya. Based on current market rates for Mbeya.","WiFi, Parking, Security, Water",Anna Mohamed,+255 765 393674,anna.mohamed@outlook.com,2026-04-02
235,Kihonda,Morogoro,Master_Room,sale,14428415,1,1,22,"Realistic Master Room in Kihonda, Morogoro. Based on current market rates for Morogoro.","Parking, Security, WiFi, Water, Electricity",Aisha Ali,+255 715 789961,aisha.ali@yahoo.com,2026-04-02
202,Chumbageni,Tanga,Single_Room,sale,14765029,1,0,21,"Realistic Single Room in Chumbageni, Tanga. Based on current market rates for Tanga.","Parking, Security, Water, Electricity",Khadija Rashid,+255 714 767462,khadija.rashid@yahoo.com,2026-04-02
175,Iyunga,Mbeya,Single_Room,sale,15228804,1,0,20,"Realistic Single Room in Iyunga, Mbeya. Based on current market rates for Mbeya.","WiFi, Parking, Security, Water",Saida Mohamed,+255 754 393566,saida.mohamed@outlook.com,2026-04-02
263,Mazimbu,Morogoro,Single_Room,sale,15645778,1,0,25,"Realistic Single Room in Mazimbu, Morogoro. Based on current market rates for Morogoro.","Parking, Security, WiFi, Water, Electricity",Khadija Mwangi,+255 716 502273,khadija.mwangi@hotmail.com,2026-04-02
189,Mabatini,Mbeya,Single_Room,sale,15839701,1,0,23,"Realistic Single Room in Mabatini, Mbeya. Based on current market rates for Mbeya.","WiFi, Parking, Security, Water",Elizabeth Mussa,+255 755 163029,elizabeth.mussa@yahoo.com,2026-04-02
114,Sanawari,Arusha,Single_Room,sale,16293744,1,0,13,"Realistic Single Room in Sanawari, Arusha. Based on current market rates for Arusha.","WiFi, Parking, Security, Water",Anna Bakari,+255 714 227959,anna.bakari@gmail.com,2026-04-02
211,Mabukweni,Tanga,Master_Room,sale,16335285,1,1,25,"Realistic Master Room in Mabukweni, Tanga. Based on current market rates for Tanga.","WiFi, Parking, Security, Water",Elizabeth Mwangi,+255 754 880212,elizabeth.mwangi@yahoo.com,2026-04-02
63,Maili Mbili,Dodoma,Single_Room,sale,16426253,1,0,16,"Realistic Single Room in Maili Mbili, Dodoma. Based on current market rates for Dodoma.","WiFi, Parking, Security, Water",Aisha Juma,+255 714 671860,aisha.juma@outlook.com,2026-04-02
49,Mipango Street,Dodoma,Single_Room,sale,17076303,1,0,17,"Realistic Single Room in Mipango Street, Dodoma. Based on current market rates for Dodoma.","Parking, Security, Water, Electricity",Mariam Juma,+255 715 754945,mariam.juma@gmail.com,2026-04-02
50,Mipango Street,Dodoma,Single_Room,sale,17487870,1,0,17,"Realistic Single Room in Mipango Street, Dodoma. Based on current market rates for Dodoma.","WiFi, Security, Water, Electricity",Zainab Bakari,+255 754 515526,zainab.bakari@outlook.com,2026-04-02
76,Madukani,Dodoma,Single_Room,sale,17677964,1,0,21,"Realistic Single Room in Madukani, Dodoma. Based on current market rates for Dodoma.","WiFi, Security, Water, Electricity",Anna Mwangi,+255 766 786911,anna.mwangi@outlook.com,2026-04-02
164,Uyole,Mbeya,Single_Room,sale,18326129,1,0,22,"Realistic Single Room in Uyole, Mbeya. Based on current market rates for Mbeya.","WiFi, Parking, Security, Water",Saida Bakari,+255 715 463254,saida.bakari@outlook.com,2026-04-02
75,Madukani,Dodoma,Single_Room,sale,18542666,1,0,18,"Realistic Single Room in Madukani, Dodoma. Based on current market rates for Dodoma.","Security, Water, Electricity, Parking",Grace Rashid,+255 712 947376,grace.rashid@outlook.com,2026-04-02
162,Uyole,Mbeya,Master_Room,sale,18678908,1,1,24,"Realistic Master Room in Uyole, Mbeya. Based on current market rates for Mbeya.","WiFi, Parking, Security, Water",Grace Juma,+255 714 806499,grace.juma@gmail.com,2026-04-02
128,Nyakato,Mwanza,Single_Room,sale,19157438,1,0,19,"Realistic Single Room in Nyakato, Mwanza. Based on current market rates for Mwanza.","WiFi, Parking, Security, Water",Aisha Juma,+255 766 756046,aisha.juma@gmail.com,2026-04-02
185,Mabatini,Mbeya,Master_Room,sale,19491903,1,1,26,"Realistic Master Room in Mabatini, Mbeya. Based on current market rates for Mbeya.","WiFi, Parking, Security, Water",Fatuma Rashid,+255 765 339999,fatuma.rashid@outlook.com,2026-04-02
299,Kendwa,Zanzibar,Single_Room,sale,20213829,1,0,13,"Realistic Single Room in Kendwa, Zanzibar. Based on current market rates for Zanzibar.","WiFi, Security, Water, Electricity",Grace Bakari,+255 715 978096,grace.bakari@yahoo.com,2026-04-02
46,Mipango Street,Dodoma,Master_Room,sale,20450081,1,1,25,"Realistic Master Room in Mipango Street, Dodoma. Based on current market rates for Dodoma.","WiFi, Parking, Security, Water",Elizabeth Ali,+255 712 610694,elizabeth.ali@outlook.com,2026-04-02
61,Maili Mbili,Dodoma,Master_Room,sale,20487640,1,1,26,"Realistic Master Room in Maili Mbili, Dodoma. Based on current market rates for Dodoma.","WiFi, Parking, Security, Water",Anna Mussa,+255 767 640706,anna.mussa@outlook.com,2026-04-02
213,Mabukweni,Tanga,Master_Room,sale,21337380,1,1,28,"Realistic Master Room in Mabukweni, Tanga. Based on current market rates for Tanga.","WiFi, Parking, Security, Water",Khadija Mussa,+255 756 304472,khadija.mussa@gmail.com,2026-04-02
262,Mazimbu,Morogoro,Master_Room,sale,21936111,1,1,33,"Realistic Master Room in Mazimbu, Morogoro. Based on current market rates for Morogoro.","Parking, Security, WiFi, Water, Electricity",Fatuma Rashid,+255 715 213841,fatuma.rashid@gmail.com,2026-04-02
74,Madukani,Dodoma,Single_Room,sale,22290709,1,0,22,"Realistic Single Room in Madukani, Dodoma. Based on current market rates for Dodoma.","WiFi, Parking, Security, Water",Saida Rashid,+255 766 169122,saida.rashid@hotmail.com,2026-04-02
152,Ilemela,Mwanza,Master_Room,sale,22579357,1,1,23,"Realistic Master Room in Ilemela, Mwanza. Based on current market rates for Mwanza.","Security, Water, Electricity, Parking",Fatuma Khamis,+255 755 398202,fatuma.khamis@gmail.com,2026-04-02
176,Iyunga,Mbeya,Single_Room,sale,22937177,1,0,25,"Realistic Single Room in Iyunga, Mbeya. Based on current market rates for Mbeya.","WiFi, Security, Water, Electricity",Joyce Rashid,+255 765 941537,joyce.rashid@hotmail.com,2026-04-02
174,Iyunga,Mbeya,Master_Room,sale,23105040,1,1,30,"Realistic Master Room in Iyunga, Mbeya. Based on current market rates for Mbeya.","Parking, Security, Water, Electricity",Elizabeth Ali,+255 754 731551,elizabeth.ali@yahoo.com,2026-04-02
27,Oyster Bay,Dar es Salaam,Studio_Apartment,sale,23294739,1,1,31,"Realistic Studio Apartment in Oyster Bay, Dar es Salaam. Based on current market rates for Dar es Salaam.","WiFi, Security, Water, Electricity",Joyce Mohamed,+255 767 325387,joyce.mohamed@outlook.com,2026-04-02
62,Maili Mbili,Dodoma,Single_Room,sale,23532821,1,0,24,"Realistic Single Room in Maili Mbili, Dodoma. Based on current market rates for Dodoma.","WiFi, Security, Water, Electricity",Khadija Khamis,+255 714 158525,khadija.khamis@gmail.com,2026-04-02
277,Stone Town,Zanzibar,Single_Room,sale,24308657,1,0,15,"Realistic Single Room in Stone Town, Zanzibar. Based on current market rates for Zanzibar.","Parking, Security, Water, Electricity",Joyce Mussa,+255 766 506398,joyce.mussa@yahoo.com,2026-04-02
261,Mazimbu,Morogoro,Master_Room,sale,24355657,1,1,33,"Realistic Master Room in Mazimbu, Morogoro. Based on current market rates for Morogoro.","WiFi, Parking, Security, Water",Anna Saidi,+255 755 833123,anna.saidi@yahoo.com,2026-04-02
140,Buzuruga,Mwanza,Master_Room,sale,24689103,1,1,21,"Realistic Master Room in Buzuruga, Mwanza. Based on current market rates for Mwanza.","Parking, Security, WiFi, Water, Electricity",Grace Juma,+255 767 438684,grace.juma@hotmail.com,2026-04-02
127,Nyakato,Mwanza,Master_Room,sale,25178224,1,1,26,"Realistic Master Room in Nyakato, Mwanza. Based on current market rates for Mwanza.","WiFi, Security, Water, Electricity",Fatuma Mohamed,+255 765 972757,fatuma.mohamed@gmail.com,2026-04-02
287,Nungwi,Zanzibar,Single_Room,sale,25486793,1,0,14,"Realistic Single Room in Nungwi, Zanzibar. Based on current market rates for Zanzibar.","WiFi, Security, Water, Electricity",Anna Mussa,+255 766 588119,anna.mussa@yahoo.com,2026-04-02
15,Masaki,Dar es Salaam,Studio_Apartment,sale,25843250,1,1,33,"Realistic Studio Apartment in Masaki, Dar es Salaam. Based on current market rates for Dar es Salaam.","Parking, Security, WiFi, Water, Electricity",Zainab Mussa,+255 716 499602,zainab.mussa@outlook.com,2026-04-02
216,Mabukweni,Tanga,Studio_Apartment,sale,26218141,1,1,29,"Realistic Studio Apartment in Mabukweni, Tanga. Based on current market rates for Tanga.","WiFi, Security, Water, Electricity",Khadija Ali,+255 756 526164,khadija.ali@outlook.com,2026-04-02
253,Mji Mpya,Morogoro,Studio_Apartment,sale,26299989,1,1,30,"Realistic Studio Apartment in Mji Mpya, Morogoro. Based on current market rates for Morogoro.","WiFi, Parking, Security, Water",Grace Mussa,+255 712 996994,grace.mussa@hotmail.com,2026-04-02
48,Mipango Street,Dodoma,Master_Room,sale,26462221,1,1,30,"Realistic Master Room in Mipango Street, Dodoma. Based on current market rates for Dodoma.","Parking, Security, WiFi, Water, Electricity",Anna Bakari,+255 715 499828,anna.bakari@outlook.com,2026-04-02
153,Ilemela,Mwanza,Single_Room,sale,26737517,1,0,24,"Realistic Single Room in Ilemela, Mwanza. Based on current market rates for Mwanza.","Parking, Security, WiFi, Water, Electricity",Saida Mwangi,+255 712 879072,saida.mwangi@gmail.com,2026-04-02
199,Chumbageni,Tanga,Master_Room,sale,27761606,1,1,35,"Realistic Master Room in Chumbageni, Tanga. Based on current market rates for Tanga.","Security, Water, Electricity, Parking",Fatuma Khamis,+255 765 798805,fatuma.khamis@gmail.com,2026-04-02
205,Chumbageni,Tanga,Studio_Apartment,sale,28032638,1,1,32,"Realistic Studio Apartment in Chumbageni, Tanga. Based on current market rates for Tanga.","Parking, Security, Water, Electricity",Mariam Hassan,+255 713 137239,mariam.hassan@gmail.com,2026-04-02
224,Makorora,Tanga,Master_Room,sale,28166691,1,1,35,"Realistic Master Room in Makorora, Tanga. Based on current market rates for Tanga.","Parking, Security, Water, Electricity",Aisha Mohamed,+255 713 560126,aisha.mohamed@outlook.com,2026-04-02
73,Madukani,Dodoma,Master_Room,sale,28324308,1,1,30,"Realistic Master Room in Madukani, Dodoma. Based on current market rates for Dodoma.","Security, Water, Electricity, Parking",Saida Mwangi,+255 713 544330,saida.mwangi@yahoo.com,2026-04-02
88,Sekei,Arusha,Single_Room,sale,28915961,1,0,23,"Realistic Single Room in Sekei, Arusha. Based on current market rates for Arusha.","Parking, Security, WiFi, Water, Electricity",Anna Rashid,+255 767 826930,anna.rashid@yahoo.com,2026-04-02
179,Iyunga,Mbeya,Studio_Apartment,sale,28988771,1,1,29,"Realistic Studio Apartment in Iyunga, Mbeya. Based on current market rates for Mbeya.","WiFi, Security, Water, Electricity",Saida Mwangi,+255 714 743114,saida.mwangi@gmail.com,2026-04-02
267,Mazimbu,Morogoro,Studio_Apartment,sale,29257516,1,1,38,"Realistic Studio Apartment in Mazimbu, Morogoro. Based on current market rates for Morogoro.","WiFi, Parking, Security, Water",Zainab Mwangi,+255 716 288697,zainab.mwangi@outlook.com,2026-04-02
59,Maili Mbili,Dodoma,Master_Room,sale,29329987,1,1,29,"Realistic Master Room in Maili Mbili, Dodoma. Based on current market rates for Dodoma.","Security, Water, Electricity, Parking",Saida Khamis,+255 756 627182,saida.khamis@yahoo.com,2026-04-02
266,Mazimbu,Morogoro,Studio_Apartment,sale,29742908,1,1,33,"Realistic Studio Apartment in Mazimbu, Morogoro. Based on current market rates for Morogoro.","Security, Water, Electricity, Parking",Mariam Khamis,+255 756 396523,mariam.khamis@hotmail.com,2026-04-02
155,Ilemela,Mwanza,Studio_Apartment,sale,29924462,1,1,27,"Realistic Studio Apartment in Ilemela, Mwanza. Based on current market rates for Mwanza.","WiFi, Security, Water, Electricity",Mariam Ali,+255 754 515543,mariam.ali@yahoo.com,2026-04-02
255,Mji Mpya,Morogoro,Studio_Apartment,sale,30181476,1,1,35,"Realistic Studio Apartment in Mji Mpya, Morogoro. Based on current market rates for Morogoro.","Parking, Security, Water, Electricity",Grace Hassan,+255 767 900979,grace.hassan@hotmail.com,2026-04-02
129,Nyakato,Mwanza,Single_Room,sale,30336502,1,0,24,"Realistic Single Room in Nyakato, Mwanza. Based on current market rates for Mwanza.","WiFi, Parking, Security, Water",Aisha Hassan,+255 756 272705,aisha.hassan@hotmail.com,2026-04-02
36,Kinondoni,Dar es Salaam,Single_Room,sale,30361706,1,0,18,"Realistic Single Room in Kinondoni, Dar es Salaam. Based on current market rates for Dar es Salaam.","Parking, Security, WiFi, Water, Electricity",Saida Mwangi,+255 715 424372,saida.mwangi@hotmail.com,2026-04-02
298,Kendwa,Zanzibar,Single_Room,sale,30599420,1,0,15,"Realistic Single Room in Kendwa, Zanzibar. Based on current market rates for Zanzibar.","Parking, Security, Water, Electricity",Fatuma Mussa,+255 713 432424,fatuma.mussa@gmail.com,2026-04-02
52,Mipango Street,Dodoma,Studio_Apartment,sale,30897155,1,1,25,"Realistic Studio Apartment in Mipango Street, Dodoma. Based on current market rates for Dodoma.","Security, Water, Electricity, Parking",Elizabeth Mwangi,+255 765 124952,elizabeth.mwangi@outlook.com,2026-04-02
151,Ilemela,Mwanza,Master_Room,sale,31005888,1,1,32,"Realistic Master Room in Ilemela, Mwanza. Based on current market rates for Mwanza.","Security, Water, Electricity, Parking",Joyce Mwangi,+255 713 207892,joyce.mwangi@gmail.com,2026-04-02
12,Masaki,Dar es Salaam,Single_Room,sale,31149777,1,0,12,"Realistic Single Room in Masaki, Dar es Salaam. Based on current market rates for Dar es Salaam.","Parking, Security, Water, Electricity",Elizabeth Mohamed,+255 716 787738,elizabeth.mohamed@yahoo.com,2026-04-02
229,Makorora,Tanga,Studio_Apartment,sale,31243031,1,1,37,"Realistic Studio Apartment in Makorora, Tanga. Based on current market rates for Tanga.","Security, Water, Electricity, Parking",Mariam Ali,+255 714 579865,mariam.ali@gmail.com,2026-04-02
102,Themi,Arusha,Single_Room,sale,31521022,1,0,23,"Realistic Single Room in Themi, Arusha. Based on current market rates for Arusha.","Parking, Security, Water, Electricity",Khadija Mwangi,+255 712 308501,khadija.mwangi@outlook.com,2026-04-02
72,Madukani,Dodoma,Master_Room,sale,31694093,1,1,32,"Realistic Master Room in Madukani, Dodoma. Based on current market rates for Dodoma.","Parking, Security, WiFi, Water, Electricity",Mariam Ali,+255 755 274485,mariam.ali@outlook.com,2026-04-02
2,Masaki,Dar es Salaam,Apartment,sale,32131370,1,1,41,"Realistic Apartment in Masaki, Dar es Salaam. Based on current market rates for Dar es Salaam.","Parking, Security, WiFi, Water, Electricity",Zainab Saidi,+255 715 760927,zainab.saidi@yahoo.com,2026-04-02
178,Iyunga,Mbeya,Studio_Apartment,sale,32132181,1,1,36,"Realistic Studio Apartment in Iyunga, Mbeya. Based on current market rates for Mbeya.","Parking, Security, WiFi, Water, Electricity",Aisha Saidi,+255 765 533273,aisha.saidi@outlook.com,2026-04-02
60,Maili Mbili,Dodoma,Master_Room,sale,33079317,1,1,32,"Realistic Master Room in Maili Mbili, Dodoma. Based on current market rates for Dodoma.","WiFi, Parking, Security, Water",Zainab Juma,+255 754 401570,zainab.juma@hotmail.com,2026-04-02
38,Kinondoni,Dar es Salaam,Single_Room,sale,33530673,1,0,20,"Realistic Single Room in Kinondoni, Dar es Salaam. Based on current market rates for Dar es Salaam.","WiFi, Security, Water, Electricity",Aisha Saidi,+255 755 588305,aisha.saidi@outlook.com,2026-04-02
25,Oyster Bay,Dar es Salaam,Single_Room,sale,33823671,1,0,13,"Realistic Single Room in Oyster Bay, Dar es Salaam. Based on current market rates for Dar es Salaam.","Security, Water, Electricity, Parking",Grace Hassan,+255 712 578752,grace.hassan@yahoo.com,2026-04-02
101,Themi,Arusha,Single_Room,sale,34266163,1,0,22,"Realistic Single Room in Themi, Arusha. Based on current market rates for Arusha.","Security, Water, Electricity, Parking",Joyce Mwangi,+255 765 783672,joyce.mwangi@hotmail.com,2026-04-02
218,Mabukweni,Tanga,Studio_Apartment,sale,34286136,1,1,40,"Realistic Studio Apartment in Mabukweni, Tanga. Based on current market rates for Tanga.","Parking, Security, WiFi, Water, Electricity",Saida Mohamed,+255 767 832426,saida.mohamed@gmail.com,2026-04-02
286,Nungwi,Zanzibar,Single_Room,sale,34777678,1,0,18,"Realistic Single Room in Nungwi, Zanzibar. Based on current market rates for Zanzibar.","Parking, Security, WiFi, Water, Electricity",Khadija Ali,+255 754 333387,khadija.ali@hotmail.com,2026-04-02
99,Themi,Arusha,Master_Room,sale,35437671,1,1,27,"Realistic Master Room in Themi, Arusha. Based on current market rates for Arusha.","Security, Water, Electricity, Parking",Mariam Bakari,+255 765 471595,mariam.bakari@yahoo.com,2026-04-02
159,Uyole,Mbeya,Apartment,sale,36584297,3,1,41,"Realistic Apartment in Uyole, Mbeya. Based on current market rates for Mbeya.","WiFi, Parking, Security, Water",Zainab Khamis,+255 755 198736,zainab.khamis@hotmail.com,2026-04-02
240,Kihonda,Morogoro,Studio_Apartment,sale,36641987,1,1,44,"Realistic Studio Apartment in Kihonda, Morogoro. Based on current market rates for Morogoro.","Security, Water, Electricity, Parking",Fatuma Saidi,+255 714 899868,fatuma.saidi@hotmail.com,2026-04-02
166,Uyole,Mbeya,Studio_Apartment,sale,36837025,1,1,43,"Realistic Studio Apartment in Uyole, Mbeya. Based on current market rates for Mbeya.","Parking, Security, Water, Electricity",Joyce Ali,+255 754 525199,joyce.ali@outlook.com,2026-04-02
133,Nyakato,Mwanza,Studio_Apartment,sale,37821726,1,1,34,"Realistic Studio Apartment in Nyakato, Mwanza. Based on current market rates for Mwanza.","Security, Water, Electricity, Parking",Aisha Khamis,+255 754 793141,aisha.khamis@outlook.com,2026-04-02
64,Maili Mbili,Dodoma,Studio_Apartment,sale,37896973,1,1,29,"Realistic Studio Apartment in Maili Mbili, Dodoma. Based on current market rates for Dodoma.","Parking, Security, Water, Electricity",Fatuma Mohamed,+255 765 607888,fatuma.mohamed@gmail.com,2026-04-02
35,Kinondoni,Dar es Salaam,Master_Room,sale,38889484,1,1,25,"Realistic Master Room in Kinondoni, Dar es Salaam. Based on current market rates for Dar es Salaam.","WiFi, Parking, Security, Water",Khadija Ali,+255 714 219195,khadija.ali@yahoo.com,2026-04-02
98,Themi,Arusha,Master_Room,sale,38890885,1,1,29,"Realistic Master Room in Themi, Arusha. Based on current market rates for Arusha.","Security, Water, Electricity, Parking",Fatuma Saidi,+255 754 367068,fatuma.saidi@hotmail.com,2026-04-02
112,Sanawari,Arusha,Master_Room,sale,39474439,1,1,28,"Realistic Master Room in Sanawari, Arusha. Based on current market rates for Arusha.","Parking, Security, WiFi, Water, Electricity",Grace Mussa,+255 714 280467,grace.mussa@gmail.com,2026-04-02
139,Buzuruga,Mwanza,Master_Room,sale,39499888,1,1,35,"Realistic Master Room in Buzuruga, Mwanza. Based on current market rates for Mwanza.","Security, Water, Electricity, Parking",Grace Juma,+255 766 235859,grace.juma@hotmail.com,2026-04-02
115,Sanawari,Arusha,Single_Room,sale,39554773,1,0,25,"Realistic Single Room in Sanawari, Arusha. Based on current market rates for Arusha.","Parking, Security, Water, Electricity",Aisha Juma,+255 714 474496,aisha.juma@gmail.com,2026-04-02
203,Chumbageni,Tanga,Studio_Apartment,sale,39763610,1,1,42,"Realistic Studio Apartment in Chumbageni, Tanga. Based on current market rates for Tanga.","WiFi, Parking, Security, Water",Mariam Mohamed,+255 716 775254,mariam.mohamed@hotmail.com,2026-04-02
194,Chumbageni,Tanga,Apartment,sale,40186381,2,1,50,"Realistic Apartment in Chumbageni, Tanga. Based on current market rates for Tanga.","Security, Water, Electricity, Parking",Anna Saidi,+255 765 368258,anna.saidi@hotmail.com,2026-04-02
37,Kinondoni,Dar es Salaam,Single_Room,sale,40432658,1,0,23,"Realistic Single Room in Kinondoni, Dar es Salaam. Based on current market rates for Dar es Salaam.","WiFi, Security, Water, Electricity",Aisha Ali,+255 713 711080,aisha.ali@hotmail.com,2026-04-02
34,Kinondoni,Dar es Salaam,Master_Room,sale,41085580,1,1,22,"Realistic Master Room in Kinondoni, Dar es Salaam. Based on current market rates for Dar es Salaam.","WiFi, Security, Water, Electricity",Grace Rashid,+255 716 478798,grace.rashid@gmail.com,2026-04-02
1,Masaki,Dar es Salaam,Apartment,sale,41206864,3,1,55,"Realistic Apartment in Masaki, Dar es Salaam. Based on current market rates for Dar es Salaam.","Parking, Security, Water, Electricity",Anna Mohamed,+255 756 415742,anna.mohamed@outlook.com,2026-04-02
17,Oyster Bay,Dar es Salaam,Apartment,sale,41965016,3,1,56,"Realistic Apartment in Oyster Bay, Dar es Salaam. Based on current market rates for Dar es Salaam.","WiFi, Security, Water, Electricity",Mariam Mussa,+255 765 636712,mariam.mussa@gmail.com,2026-04-02
131,Nyakato,Mwanza,Studio_Apartment,sale,43001402,1,1,32,"Realistic Studio Apartment in Nyakato, Mwanza. Based on current market rates for Mwanza.","WiFi, Parking, Security, Water",Joyce Mussa,+255 767 597557,joyce.mussa@outlook.com,2026-04-02
285,Nungwi,Zanzibar,Master_Room,sale,43114801,1,1,28,"Realistic Master Room in Nungwi, Zanzibar. Based on current market rates for Zanzibar.","WiFi, Security, Water, Electricity",Zainab Ali,+255 715 939266,zainab.ali@gmail.com,2026-04-02
86,Sekei,Arusha,Master_Room,sale,43142516,1,1,35,"Realistic Master Room in Sekei, Arusha. Based on current market rates for Arusha.","Parking, Security, Water, Electricity",Elizabeth Mohamed,+255 765 735412,elizabeth.mohamed@outlook.com,2026-04-02
111,Sanawari,Arusha,Master_Room,sale,43438176,1,1,30,"Realistic Master Room in Sanawari, Arusha. Based on current market rates for Arusha.","Parking, Security, Water, Electricity",Anna Saidi,+255 712 730470,anna.saidi@gmail.com,2026-04-02
274,Stone Town,Zanzibar,Master_Room,sale,43807310,1,1,25,"Realistic Master Room in Stone Town, Zanzibar. Based on current market rates for Zanzibar.","WiFi, Parking, Security, Water",Anna Mwangi,+255 754 679072,anna.mwangi@gmail.com,2026-04-02
167,Uyole,Mbeya,Studio_Apartment,sale,43916303,1,1,41,"Realistic Studio Apartment in Uyole, Mbeya. Based on current market rates for Mbeya.","Parking, Security, Water, Electricity",Joyce Mohamed,+255 715 733391,joyce.mohamed@hotmail.com,2026-04-02
40,Kinondoni,Dar es Salaam,Studio_Apartment,sale,44041365,1,1,27,"Realistic Studio Apartment in Kinondoni, Dar es Salaam. Based on current market rates for Dar es Salaam.","Security, Water, Electricity, Parking",Mariam Khamis,+255 765 769461,mariam.khamis@yahoo.com,2026-04-02
104,Themi,Arusha,Studio_Apartment,sale,45522130,1,1,31,"Realistic Studio Apartment in Themi, Arusha. Based on current market rates for Arusha.","Security, Water, Electricity, Parking",Khadija Khamis,+255 714 426031,khadija.khamis@gmail.com,2026-04-02
66,Maili Mbili,Dodoma,Studio_Apartment,sale,46051292,1,1,39,"Realistic Studio Apartment in Maili Mbili, Dodoma. Based on current market rates for Dodoma.","Parking, Security, WiFi, Water, Electricity",Elizabeth Juma,+255 712 592284,elizabeth.juma@gmail.com,2026-04-02
24,Oyster Bay,Dar es Salaam,Single_Room,sale,47176118,1,0,18,"Realistic Single Room in Oyster Bay, Dar es Salaam. Based on current market rates for Dar es Salaam.","Parking, Security, Water, Electricity",Aisha Saidi,+255 714 596633,aisha.saidi@yahoo.com,2026-04-02
87,Sekei,Arusha,Master_Room,sale,47907237,1,1,30,"Realistic Master Room in Sekei, Arusha. Based on current market rates for Arusha.","Parking, Security, WiFi, Water, Electricity",Mariam Hassan,+255 716 525460,mariam.hassan@outlook.com,2026-04-02
243,Mji Mpya,Morogoro,Apartment,sale,48343067,2,1,58,"Realistic Apartment in Mji Mpya, Morogoro. Based on current market rates for Morogoro.","Parking, Security, Water, Electricity",Fatuma Rashid,+255 714 177585,fatuma.rashid@yahoo.com,2026-04-02
275,Stone Town,Zanzibar,Master_Room,sale,48361084,1,1,27,"Realistic Master Room in Stone Town, Zanzibar. Based on current market rates for Zanzibar.","WiFi, Security, Water, Electricity",Fatuma Rashid,+255 755 467992,fatuma.rashid@outlook.com,2026-04-02
191,Mabatini,Mbeya,Studio_Apartment,sale,49830619,1,1,44,"Realistic Studio Apartment in Mabatini, Mbeya. Based on current market rates for Mbeya.","WiFi, Security, Water, Electricity",Fatuma Mussa,+255 716 176778,fatuma.mussa@hotmail.com,2026-04-02
41,Mipango Street,Dodoma,Apartment,sale,50094413,1,1,41,"Realistic Apartment in Mipango Street, Dodoma. Based on current market rates for Dodoma.","Security, Water, Electricity, Parking",Zainab Ali,+255 766 969077,zainab.ali@gmail.com,2026-04-02
276,Stone Town,Zanzibar,Single_Room,sale,50367627,1,0,25,"Realistic Single Room in Stone Town, Zanzibar. Based on current market rates for Zanzibar.","Parking, Security, WiFi, Water, Electricity",Zainab Mussa,+255 755 587923,zainab.mussa@outlook.com,2026-04-02
156,Ilemela,Mwanza,Studio_Apartment,sale,51547130,1,1,41,"Realistic Studio Apartment in Ilemela, Mwanza. Based on current market rates for Mwanza.","Parking, Security, WiFi, Water, Electricity",Joyce Khamis,+255 713 958286,joyce.khamis@outlook.com,2026-04-02
210,Mabukweni,Tanga,House,sale,51667720,4,3,82,"Realistic House in Mabukweni, Tanga. Based on current market rates for Tanga.","Parking, Security, WiFi, Water, Electricity",Grace Mwangi,+255 754 168464,grace.mwangi@gmail.com,2026-04-02
290,Nungwi,Zanzibar,Studio_Apartment,sale,51732907,1,1,29,"Realistic Studio Apartment in Nungwi, Zanzibar. Based on current market rates for Zanzibar.","Parking, Security, WiFi, Water, Electricity",Aisha Mohamed,+255 715 403391,aisha.mohamed@yahoo.com,2026-04-02
113,Sanawari,Arusha,Master_Room,sale,51937159,1,1,35,"Realistic Master Room in Sanawari, Arusha. Based on current market rates for Arusha.","WiFi, Security, Water, Electricity",Grace Mohamed,+255 766 433683,grace.mohamed@hotmail.com,2026-04-02
143,Buzuruga,Mwanza,Studio_Apartment,sale,52439607,1,1,44,"Realistic Studio Apartment in Buzuruga, Mwanza. Based on current market rates for Mwanza.","WiFi, Parking, Security, Water",Zainab Mwangi,+255 712 263586,zainab.mwangi@hotmail.com,2026-04-02
219,Makorora,Tanga,Apartment,sale,52872537,2,2,58,"Realistic Apartment in Makorora, Tanga. Based on current market rates for Tanga.","WiFi, Security, Water, Electricity",Khadija Khamis,+255 754 948446,khadija.khamis@gmail.com,2026-04-02
193,Chumbageni,Tanga,Apartment,sale,53353273,3,2,63,"Realistic Apartment in Chumbageni, Tanga. Based on current market rates for Tanga.","Security, Water, Electricity, Parking",Joyce Mussa,+255 755 860342,joyce.mussa@hotmail.com,2026-04-02
23,Oyster Bay,Dar es Salaam,Master_Room,sale,53733880,1,1,25,"Realistic Master Room in Oyster Bay, Dar es Salaam. Based on current market rates for Dar es Salaam.","Parking, Security, Water, Electricity",Fatuma Mohamed,+255 765 139167,fatuma.mohamed@outlook.com,2026-04-02
144,Buzuruga,Mwanza,Studio_Apartment,sale,54190819,1,1,43,"Realistic Studio Apartment in Buzuruga, Mwanza. Based on current market rates for Mwanza.","Parking, Security, Water, Electricity",Anna Mwangi,+255 765 771070,anna.mwangi@gmail.com,2026-04-02
145,Ilemela,Mwanza,Apartment,sale,54350884,2,1,47,"Realistic Apartment in Ilemela, Mwanza. Based on current market rates for Mwanza.","WiFi, Security, Water, Electricity",Khadija Ali,+255 766 188965,khadija.ali@hotmail.com,2026-04-02
91,Sekei,Arusha,Studio_Apartment,sale,55801826,1,1,33,"Realistic Studio Apartment in Sekei, Arusha. Based on current market rates for Arusha.","Parking, Security, WiFi, Water, Electricity",Joyce Hassan,+255 714 792642,joyce.hassan@outlook.com,2026-04-02
157,Ilemela,Mwanza,Studio_Apartment,sale,56130233,1,1,39,"Realistic Studio Apartment in Ilemela, Mwanza. Based on current market rates for Mwanza.","Parking, Security, Water, Electricity",Fatuma Juma,+255 754 677829,fatuma.juma@yahoo.com,2026-04-02
231,Kihonda,Morogoro,Apartment,sale,56384081,3,2,69,"Realistic Apartment in Kihonda, Morogoro. Based on current market rates for Morogoro.","Parking, Security, WiFi, Water, Electricity",Anna Khamis,+255 765 103945,anna.khamis@gmail.com,2026-04-02
221,Makorora,Tanga,Apartment,sale,56490029,3,1,67,"Realistic Apartment in Makorora, Tanga. Based on current market rates for Tanga.","Parking, Security, Water, Electricity",Mariam Bakari,+255 766 168120,mariam.bakari@yahoo.com,2026-04-02
9,Masaki,Dar es Salaam,Master_Room,sale,56685613,1,1,27,"Realistic Master Room in Masaki, Dar es Salaam. Based on current market rates for Dar es Salaam.","WiFi, Parking, Security, Water",Elizabeth Ali,+255 715 212821,elizabeth.ali@hotmail.com,2026-04-02
7,Masaki,Dar es Salaam,Master_Room,sale,57879216,1,1,26,"Realistic Master Room in Masaki, Dar es Salaam. Based on current market rates for Dar es Salaam.","Security, Water, Electricity, Parking",Grace Mohamed,+255 712 934089,grace.mohamed@yahoo.com,2026-04-02
54,Maili Mbili,Dodoma,Apartment,sale,58874007,1,2,52,"Realistic Apartment in Maili Mbili, Dodoma. Based on current market rates for Dodoma.","Parking, Security, Water, Electricity",Anna Saidi,+255 766 626562,anna.saidi@yahoo.com,2026-04-02
8,Masaki,Dar es Salaam,Master_Room,sale,59304308,1,1,27,"Realistic Master Room in Masaki, Dar es Salaam. Based on current market rates for Dar es Salaam.","Parking, Security, WiFi, Water, Electricity",Saida Juma,+255 755 606666,saida.juma@yahoo.com,2026-04-02
65,Maili Mbili,Dodoma,Studio_Apartment,sale,61110275,1,1,45,"Realistic Studio Apartment in Maili Mbili, Dodoma. Based on current market rates for Dodoma.","WiFi, Parking, Security, Water",Saida Rashid,+255 756 119975,saida.rashid@outlook.com,2026-04-02
172,Iyunga,Mbeya,House,sale,61349044,2,1,81,"Realistic House in Iyunga, Mbeya. Based on current market rates for Mbeya.","WiFi, Parking, Security, Water",Fatuma Mwangi,+255 714 650041,fatuma.mwangi@gmail.com,2026-04-02
284,Nungwi,Zanzibar,Master_Room,sale,61443928,1,1,31,"Realistic Master Room in Nungwi, Zanzibar. Based on current market rates for Zanzibar.","WiFi, Parking, Security, Water",Anna Juma,+255 713 496996,anna.juma@hotmail.com,2026-04-02
103,Themi,Arusha,Studio_Apartment,sale,61512719,1,1,36,"Realistic Studio Apartment in Themi, Arusha. Based on current market rates for Arusha.","WiFi, Parking, Security, Water",Zainab Ali,+255 755 918170,zainab.ali@hotmail.com,2026-04-02
232,Kihonda,Morogoro,Apartment,sale,61705146,3,1,64,"Realistic Apartment in Kihonda, Morogoro. Based on current market rates for Morogoro.","WiFi, Parking, Security, Water",Mariam Saidi,+255 756 837350,mariam.saidi@outlook.com,2026-04-02
90,Sekei,Arusha,Studio_Apartment,sale,61989824,1,1,37,"Realistic Studio Apartment in Sekei, Arusha. Based on current market rates for Arusha.","Parking, Security, Water, Electricity",Elizabeth Mussa,+255 765 398981,elizabeth.mussa@hotmail.com,2026-04-02
279,Stone Town,Zanzibar,Studio_Apartment,sale,62729152,1,1,32,"Realistic Studio Apartment in Stone Town, Zanzibar. Based on current market rates for Zanzibar.","WiFi, Parking, Security, Water",Grace Saidi,+255 756 518588,grace.saidi@yahoo.com,2026-04-02
222,Makorora,Tanga,House,sale,62765625,4,1,83,"Realistic House in Makorora, Tanga. Based on current market rates for Tanga.","Parking, Security, WiFi, Water, Electricity",Saida Mussa,+255 754 583330,saida.mussa@gmail.com,2026-04-02
80,Sekei,Arusha,Apartment,sale,62918308,3,2,46,"Realistic Apartment in Sekei, Arusha. Based on current market rates for Arusha.","WiFi, Parking, Security, Water",Aisha Ali,+255 756 376123,aisha.ali@outlook.com,2026-04-02
10,Masaki,Dar es Salaam,Single_Room,sale,63255158,1,0,25,"Realistic Single Room in Masaki, Dar es Salaam. Based on current market rates for Dar es Salaam.","Parking, Security, Water, Electricity",Fatuma Saidi,+255 765 134881,fatuma.saidi@outlook.com,2026-04-02
55,Maili Mbili,Dodoma,Apartment,sale,63692131,3,2,52,"Realistic Apartment in Maili Mbili, Dodoma. Based on current market rates for Dodoma.","Security, Water, Electricity, Parking",Grace Juma,+255 713 145925,grace.juma@gmail.com,2026-04-02
300,Kendwa,Zanzibar,Studio_Apartment,sale,65311782,1,1,33,"Realistic Studio Apartment in Kendwa, Zanzibar. Based on current market rates for Zanzibar.","Parking, Security, Water, Electricity",Mariam Rashid,+255 715 107596,mariam.rashid@outlook.com,2026-04-02
297,Kendwa,Zanzibar,Master_Room,sale,65488187,1,1,33,"Realistic Master Room in Kendwa, Zanzibar. Based on current market rates for Zanzibar.","Parking, Security, WiFi, Water, Electricity",Grace Juma,+255 713 578279,grace.juma@hotmail.com,2026-04-02
288,Nungwi,Zanzibar,Studio_Apartment,sale,65669980,1,1,32,"Realistic Studio Apartment in Nungwi, Zanzibar. Based on current market rates for Zanzibar.","Security, Water, Electricity, Parking",Zainab Mwangi,+255 766 270470,zainab.mwangi@yahoo.com,2026-04-02
246,Mji Mpya,Morogoro,House,sale,67462229,3,3,95,"Realistic House in Mji Mpya, Morogoro. Based on current market rates for Morogoro.","Parking, Security, Water, Electricity",Zainab Saidi,+255 714 117813,zainab.saidi@gmail.com,2026-04-02
230,Kihonda,Morogoro,Apartment,sale,68450973,2,2,93,"Realistic Apartment in Kihonda, Morogoro. Based on current market rates for Morogoro.","Security, Water, Electricity, Parking",Aisha Mohamed,+255 712 989544,aisha.mohamed@yahoo.com,2026-04-02
223,Makorora,Tanga,House,sale,69318980,3,1,96,"Realistic House in Makorora, Tanga. Based on current market rates for Tanga.","WiFi, Security, Water, Electricity",Joyce Mussa,+255 765 672115,joyce.mussa@yahoo.com,2026-04-02
247,Mji Mpya,Morogoro,House,sale,73064120,3,1,130,"Realistic House in Mji Mpya, Morogoro. Based on current market rates for Morogoro.","Parking, Security, WiFi, Water, Electricity",Grace Khamis,+255 755 670567,grace.khamis@hotmail.com,2026-04-02
171,Iyunga,Mbeya,House,sale,73505270,4,1,90,"Realistic House in Iyunga, Mbeya. Based on current market rates for Mbeya.","Parking, Security, WiFi, Water, Electricity",Fatuma Ali,+255 765 835616,fatuma.ali@yahoo.com,2026-04-02
206,Mabukweni,Tanga,Apartment,sale,74394639,3,1,90,"Realistic Apartment in Mabukweni, Tanga. Based on current market rates for Tanga.","WiFi, Security, Water, Electricity",Fatuma Juma,+255 714 773604,fatuma.juma@yahoo.com,2026-04-02
121,Nyakato,Mwanza,Apartment,sale,76193065,2,1,58,"Realistic Apartment in Nyakato, Mwanza. Based on current market rates for Mwanza.","Parking, Security, Water, Electricity",Saida Hassan,+255 713 806619,saida.hassan@yahoo.com,2026-04-02
118,Sanawari,Arusha,Studio_Apartment,sale,76461926,1,1,42,"Realistic Studio Apartment in Sanawari, Arusha. Based on current market rates for Arusha.","Parking, Security, WiFi, Water, Electricity",Mariam Hassan,+255 754 229123,mariam.hassan@gmail.com,2026-04-02
18,Oyster Bay,Dar es Salaam,Apartment,sale,76693844,1,2,94,"Realistic Apartment in Oyster Bay, Dar es Salaam. Based on current market rates for Dar es Salaam.","WiFi, Parking, Security, Water",Zainab Juma,+255 754 793127,zainab.juma@yahoo.com,2026-04-02
301,Kendwa,Zanzibar,Studio_Apartment,sale,77011871,1,1,35,"Realistic Studio Apartment in Kendwa, Zanzibar. Based on current market rates for Zanzibar.","Parking, Security, Water, Electricity",Joyce Mohamed,+255 713 104754,joyce.mohamed@gmail.com,2026-04-02
278,Stone Town,Zanzibar,Studio_Apartment,sale,77334470,1,1,45,"Realistic Studio Apartment in Stone Town, Zanzibar. Based on current market rates for Zanzibar.","Parking, Security, WiFi, Water, Electricity",Anna Bakari,+255 754 536922,anna.bakari@yahoo.com,2026-04-02
289,Nungwi,Zanzibar,Studio_Apartment,sale,77797487,1,1,45,"Realistic Studio Apartment in Nungwi, Zanzibar. Based on current market rates for Zanzibar.","WiFi, Security, Water, Electricity",Khadija Ali,+255 755 162256,khadija.ali@outlook.com,2026-04-02
16,Oyster Bay,Dar es Salaam,Apartment,sale,78251074,1,2,103,"Realistic Apartment in Oyster Bay, Dar es Salaam. Based on current market rates for Dar es Salaam.","Security, Water, Electricity, Parking",Khadija Hassan,+255 715 901400,khadija.hassan@hotmail.com,2026-04-02
207,Mabukweni,Tanga,Apartment,sale,78852014,1,1,78,"Realistic Apartment in Mabukweni, Tanga. Based on current market rates for Tanga.","WiFi, Parking, Security, Water",Fatuma Mohamed,+255 765 184585,fatuma.mohamed@outlook.com,2026-04-02
182,Mabatini,Mbeya,Apartment,sale,79682530,2,1,82,"Realistic Apartment in Mabatini, Mbeya. Based on current market rates for Mbeya.","Parking, Security, WiFi, Water, Electricity",Zainab Juma,+255 714 531751,zainab.juma@gmail.com,2026-04-02
146,Ilemela,Mwanza,Apartment,sale,81095825,1,1,55,"Realistic Apartment in Ilemela, Mwanza. Based on current market rates for Mwanza.","Parking, Security, Water, Electricity",Khadija Khamis,+255 714 131445,khadija.khamis@hotmail.com,2026-04-02
256,Mazimbu,Morogoro,Apartment,sale,86503439,2,1,97,"Realistic Apartment in Mazimbu, Morogoro. Based on current market rates for Morogoro.","Security, Water, Electricity, Parking",Elizabeth Mohamed,+255 715 625396,elizabeth.mohamed@hotmail.com,2026-04-02
124,Nyakato,Mwanza,House,sale,95252446,4,2,101,"Realistic House in Nyakato, Mwanza. Based on current market rates for Mwanza.","Parking, Security, WiFi, Water, Electricity",Fatuma Khamis,+255 766 282076,fatuma.khamis@outlook.com,2026-04-02
196,Chumbageni,Tanga,House,sale,97867466,4,2,148,"Realistic House in Chumbageni, Tanga. Based on current market rates for Tanga.","Parking, Security, WiFi, Water, Electricity",Aisha Mussa,+255 716 954347,aisha.mussa@gmail.com,2026-04-02
245,Mji Mpya,Morogoro,Apartment,sale,97907576,3,1,107,"Realistic Apartment in Mji Mpya, Morogoro. Based on current market rates for Morogoro.","Security, Water, Electricity, Parking",Anna Mussa,+255 754 891817,anna.mussa@hotmail.com,2026-04-02
169,Iyunga,Mbeya,Apartment,sale,98421517,3,2,115,"Realistic Apartment in Iyunga, Mbeya. Based on current market rates for Mbeya.","WiFi, Security, Water, Electricity",Khadija Mwangi,+255 714 829214,khadija.mwangi@hotmail.com,2026-04-02
170,Iyunga,Mbeya,Apartment,sale,100055782,2,2,105,"Realistic Apartment in Iyunga, Mbeya. Based on current market rates for Mbeya.","WiFi, Security, Water, Electricity",Aisha Rashid,+255 716 137324,aisha.rashid@outlook.com,2026-04-02
244,Mji Mpya,Morogoro,Apartment,sale,100912527,1,1,115,"Realistic Apartment in Mji Mpya, Morogoro. Based on current market rates for Morogoro.","WiFi, Security, Water, Electricity",Grace Mwangi,+255 755 708139,grace.mwangi@hotmail.com,2026-04-02
260,Mazimbu,Morogoro,House,sale,101585632,4,2,172,"Realistic House in Mazimbu, Morogoro. Based on current market rates for Morogoro.","Parking, Security, WiFi, Water, Electricity",Fatuma Hassan,+255 713 790399,fatuma.hassan@outlook.com,2026-04-02
105,Sanawari,Arusha,Apartment,sale,103151410,2,2,65,"Realistic Apartment in Sanawari, Arusha. Based on current market rates for Arusha.","WiFi, Security, Water, Electricity",Khadija Rashid,+255 715 690815,khadija.rashid@hotmail.com,2026-04-02
184,Mabatini,Mbeya,House,sale,106924819,3,3,142,"Realistic House in Mabatini, Mbeya. Based on current market rates for Mbeya.","Security, Water, Electricity, Parking",Joyce Saidi,+255 712 904823,joyce.saidi@yahoo.com,2026-04-02
233,Kihonda,Morogoro,House,sale,109328601,2,3,187,"Realistic House in Kihonda, Morogoro. Based on current market rates for Morogoro.","WiFi, Parking, Security, Water",Saida Khamis,+255 714 851938,saida.khamis@outlook.com,2026-04-02
30,Kinondoni,Dar es Salaam,Apartment,sale,110519443,2,1,74,"Realistic Apartment in Kinondoni, Dar es Salaam. Based on current market rates for Dar es Salaam.","Security, Water, Electricity, Parking",Khadija Juma,+255 716 360734,khadija.juma@yahoo.com,2026-04-02
83,Sekei,Arusha,House,sale,111846531,4,2,82,"Realistic House in Sekei, Arusha. Based on current market rates for Arusha.","WiFi, Parking, Security, Water",Grace Bakari,+255 756 949732,grace.bakari@gmail.com,2026-04-02
44,Mipango Street,Dodoma,House,sale,112040847,3,1,118,"Realistic House in Mipango Street, Dodoma. Based on current market rates for Dodoma.","WiFi, Security, Water, Electricity",Joyce Rashid,+255 754 694568,joyce.rashid@hotmail.com,2026-04-02
120,Nyakato,Mwanza,Apartment,sale,113060974,3,1,99,"Realistic Apartment in Nyakato, Mwanza. Based on current market rates for Mwanza.","Security, Water, Electricity, Parking",Khadija Juma,+255 715 436168,khadija.juma@yahoo.com,2026-04-02
67,Madukani,Dodoma,Apartment,sale,113550856,1,2,84,"Realistic Apartment in Madukani, Dodoma. Based on current market rates for Dodoma.","Parking, Security, WiFi, Water, Electricity",Zainab Mwangi,+255 714 163521,zainab.mwangi@hotmail.com,2026-04-02
56,Maili Mbili,Dodoma,Apartment,sale,115374487,2,2,92,"Realistic Apartment in Maili Mbili, Dodoma. Based on current market rates for Dodoma.","Parking, Security, Water, Electricity",Aisha Saidi,+255 712 604433,aisha.saidi@gmail.com,2026-04-02
135,Buzuruga,Mwanza,Apartment,sale,117312327,1,1,99,"Realistic Apartment in Buzuruga, Mwanza. Based on current market rates for Mwanza.","WiFi, Parking, Security, Water",Elizabeth Mohamed,+255 755 979827,elizabeth.mohamed@hotmail.com,2026-04-02
259,Mazimbu,Morogoro,House,sale,119869541,4,2,161,"Realistic House in Mazimbu, Morogoro. Based on current market rates for Morogoro.","Security, Water, Electricity, Parking",Fatuma Mohamed,+255 765 241682,fatuma.mohamed@yahoo.com,2026-04-02
70,Madukani,Dodoma,House,sale,123167992,2,3,129,"Realistic House in Madukani, Dodoma. Based on current market rates for Dodoma.","WiFi, Parking, Security, Water",Khadija Juma,+255 712 416080,khadija.juma@gmail.com,2026-04-02
58,Maili Mbili,Dodoma,House,sale,126635401,2,1,148,"Realistic House in Maili Mbili, Dodoma. Based on current market rates for Dodoma.","Parking, Security, WiFi, Water, Electricity",Saida Mussa,+255 767 954121,saida.mussa@hotmail.com,2026-04-02
106,Sanawari,Arusha,Apartment,sale,128069054,2,2,81,"Realistic Apartment in Sanawari, Arusha. Based on current market rates for Arusha.","Parking, Security, Water, Electricity",Mariam Juma,+255 716 807066,mariam.juma@yahoo.com,2026-04-02
42,Mipango Street,Dodoma,Apartment,sale,132673192,2,2,102,"Realistic Apartment in Mipango Street, Dodoma. Based on current market rates for Dodoma.","Security, Water, Electricity, Parking",Khadija Mussa,+255 755 342238,khadija.mussa@gmail.com,2026-04-02
94,Themi,Arusha,Apartment,sale,135928104,3,1,93,"Realistic Apartment in Themi, Arusha. Based on current market rates for Arusha.","WiFi, Parking, Security, Water",Aisha Bakari,+255 755 415551,aisha.bakari@outlook.com,2026-04-02
43,Mipango Street,Dodoma,Apartment,sale,136216842,2,1,120,"Realistic Apartment in Mipango Street, Dodoma. Based on current market rates for Dodoma.","WiFi, Security, Water, Electricity",Anna Khamis,+255 714 198312,anna.khamis@hotmail.com,2026-04-02
82,Sekei,Arusha,Apartment,sale,139494106,1,2,101,"Realistic Apartment in Sekei, Arusha. Based on current market rates for Arusha.","WiFi, Parking, Security, Water",Zainab Khamis,+255 712 307025,zainab.khamis@gmail.com,2026-04-02
292,Kendwa,Zanzibar,Apartment,sale,139525337,2,1,70,"Realistic Apartment in Kendwa, Zanzibar. Based on current market rates for Zanzibar.","Parking, Security, Water, Electricity",Fatuma Saidi,+255 712 299406,fatuma.saidi@gmail.com,2026-04-02
183,Mabatini,Mbeya,House,sale,141977054,3,2,178,"Realistic House in Mabatini, Mbeya. Based on current market rates for Mbeya.","WiFi, Parking, Security, Water",Khadija Juma,+255 766 136276,khadija.juma@gmail.com,2026-04-02
197,Chumbageni,Tanga,House,sale,142918350,3,2,192,"Realistic House in Chumbageni, Tanga. Based on current market rates for Tanga.","WiFi, Security, Water, Electricity",Saida Saidi,+255 766 829555,saida.saidi@gmail.com,2026-04-02
29,Kinondoni,Dar es Salaam,Apartment,sale,143978697,2,2,96,"Realistic Apartment in Kinondoni, Dar es Salaam. Based on current market rates for Dar es Salaam.","WiFi, Security, Water, Electricity",Grace Mohamed,+255 714 132388,grace.mohamed@yahoo.com,2026-04-02
137,Buzuruga,Mwanza,House,sale,144511177,2,2,127,"Realistic House in Buzuruga, Mwanza. Based on current market rates for Mwanza.","WiFi, Security, Water, Electricity",Elizabeth Ali,+255 765 786213,elizabeth.ali@yahoo.com,2026-04-02
57,Maili Mbili,Dodoma,House,sale,152325442,3,3,176,"Realistic House in Maili Mbili, Dodoma. Based on current market rates for Dodoma.","Security, Water, Electricity, Parking",Fatuma Hassan,+255 754 240245,fatuma.hassan@outlook.com,2026-04-02
45,Mipango Street,Dodoma,House,sale,154394607,4,1,156,"Realistic House in Mipango Street, Dodoma. Based on current market rates for Dodoma.","Parking, Security, WiFi, Water, Electricity",Fatuma Mussa,+255 754 404228,fatuma.mussa@gmail.com,2026-04-02
291,Kendwa,Zanzibar,Apartment,sale,165832624,1,2,88,"Realistic Apartment in Kendwa, Zanzibar. Based on current market rates for Zanzibar.","WiFi, Security, Water, Electricity",Zainab Bakari,+255 713 516116,zainab.bakari@yahoo.com,2026-04-02
150,Ilemela,Mwanza,House,sale,172806069,4,2,168,"Realistic House in Ilemela, Mwanza. Based on current market rates for Mwanza.","Security, Water, Electricity, Parking",Aisha Hassan,+255 755 263171,aisha.hassan@hotmail.com,2026-04-02
293,Kendwa,Zanzibar,House,sale,183182329,4,3,104,"Realistic House in Kendwa, Zanzibar. Based on current market rates for Zanzibar.","Parking, Security, WiFi, Water, Electricity",Elizabeth Rashid,+255 755 790090,elizabeth.rashid@gmail.com,2026-04-02
96,Themi,Arusha,House,sale,186088079,2,2,149,"Realistic House in Themi, Arusha. Based on current market rates for Arusha.","Security, Water, Electricity, Parking",Grace Mussa,+255 756 550233,grace.mussa@hotmail.com,2026-04-02
21,Oyster Bay,Dar es Salaam,House,sale,190206618,2,2,87,"Realistic House in Oyster Bay, Dar es Salaam. Based on current market rates for Dar es Salaam.","Parking, Security, WiFi, Water, Electricity",Saida Khamis,+255 754 587541,saida.khamis@hotmail.com,2026-04-02
4,Masaki,Dar es Salaam,House,sale,190390486,4,2,92,"Realistic House in Masaki, Dar es Salaam. Based on current market rates for Dar es Salaam.","WiFi, Security, Water, Electricity",Joyce Saidi,+255 756 915973,joyce.saidi@hotmail.com,2026-04-02
138,Buzuruga,Mwanza,House,sale,192419774,2,2,158,"Realistic House in Buzuruga, Mwanza. Based on current market rates for Mwanza.","Security, Water, Electricity, Parking",Grace Mohamed,+255 756 255949,grace.mohamed@yahoo.com,2026-04-02
123,Nyakato,Mwanza,House,sale,195987214,2,1,159,"Realistic House in Nyakato, Mwanza. Based on current market rates for Mwanza.","Security, Water, Electricity, Parking",Joyce Ali,+255 715 869487,joyce.ali@yahoo.com,2026-04-02
270,Stone Town,Zanzibar,House,sale,200214306,3,1,125,"Realistic House in Stone Town, Zanzibar. Based on current market rates for Zanzibar.","Security, Water, Electricity, Parking",Fatuma Rashid,+255 713 114176,fatuma.rashid@yahoo.com,2026-04-02
95,Themi,Arusha,House,sale,202777061,2,2,137,"Realistic House in Themi, Arusha. Based on current market rates for Arusha.","Security, Water, Electricity, Parking",Khadija Mwangi,+255 713 948215,khadija.mwangi@outlook.com,2026-04-02
148,Ilemela,Mwanza,House,sale,212337367,2,1,185,"Realistic House in Ilemela, Mwanza. Based on current market rates for Mwanza.","Parking, Security, WiFi, Water, Electricity",Grace Juma,+255 765 695964,grace.juma@yahoo.com,2026-04-02
149,Ilemela,Mwanza,House,sale,215628902,3,2,180,"Realistic House in Ilemela, Mwanza. Based on current market rates for Mwanza.","WiFi, Security, Water, Electricity",Zainab Mwangi,+255 754 976426,zainab.mwangi@hotmail.com,2026-04-02
282,Nungwi,Zanzibar,House,sale,218268814,3,1,126,"Realistic House in Nungwi, Zanzibar. Based on current market rates for Zanzibar.","WiFi, Parking, Security, Water",Mariam Juma,+255 716 896188,mariam.juma@gmail.com,2026-04-02
84,Sekei,Arusha,House,sale,225440043,3,2,160,"Realistic House in Sekei, Arusha. Based on current market rates for Arusha.","Parking, Security, WiFi, Water, Electricity",Mariam Bakari,+255 716 501593,mariam.bakari@hotmail.com,2026-04-02
268,Stone Town,Zanzibar,Apartment,sale,225971904,3,1,102,"Realistic Apartment in Stone Town, Zanzibar. Based on current market rates for Zanzibar.","WiFi, Parking, Security, Water",Saida Mwangi,+255 756 280427,saida.mwangi@hotmail.com,2026-04-02
108,Sanawari,Arusha,House,sale,228458326,4,3,161,"Realistic House in Sanawari, Arusha. Based on current market rates for Arusha.","WiFi, Parking, Security, Water",Fatuma Khamis,+255 765 842236,fatuma.khamis@outlook.com,2026-04-02
281,Nungwi,Zanzibar,Apartment,sale,233610699,2,1,113,"Realistic Apartment in Nungwi, Zanzibar. Based on current market rates for Zanzibar.","Security, Water, Electricity, Parking",Elizabeth Bakari,+255 712 675947,elizabeth.bakari@outlook.com,2026-04-02
122,Nyakato,Mwanza,House,sale,236709464,4,2,191,"Realistic House in Nyakato, Mwanza. Based on current market rates for Mwanza.","WiFi, Security, Water, Electricity",Grace Khamis,+255 715 208408,grace.khamis@outlook.com,2026-04-02
271,Stone Town,Zanzibar,House,sale,239285076,3,3,126,"Realistic House in Stone Town, Zanzibar. Based on current market rates for Zanzibar.","Parking, Security, Water, Electricity",Saida Khamis,+255 767 406677,saida.khamis@gmail.com,2026-04-02
31,Kinondoni,Dar es Salaam,House,sale,270160871,3,3,164,"Realistic House in Kinondoni, Dar es Salaam. Based on current market rates for Dar es Salaam.","WiFi, Security, Water, Electricity",Fatuma Ali,+255 765 169467,fatuma.ali@gmail.com,2026-04-02
294,Kendwa,Zanzibar,House,sale,314627842,4,2,197,"Realistic House in Kendwa, Zanzibar. Based on current market rates for Zanzibar.","Parking, Security, WiFi, Water, Electricity",Mariam Mohamed,+255 714 472183,mariam.mohamed@yahoo.com,2026-04-02
283,Nungwi,Zanzibar,House,sale,322515805,3,1,182,"Realistic House in Nungwi, Zanzibar. Based on current market rates for Zanzibar.","WiFi, Security, Water, Electricity",Mariam Rashid,+255 755 732532,mariam.rashid@outlook.com,2026-04-02
20,Oyster Bay,Dar es Salaam,House,sale,325836627,4,3,150,"Realistic House in Oyster Bay, Dar es Salaam. Based on current market rates for Dar es Salaam.","WiFi, Security, Water, Electricity",Elizabeth Mussa,+255 755 376409,elizabeth.mussa@yahoo.com,2026-04-02
6,Masaki,Dar es Salaam,House,sale,326180661,3,1,144,"Realistic House in Masaki, Dar es Salaam. Based on current market rates for Dar es Salaam.","Parking, Security, WiFi, Water, Electricity",Khadija Saidi,+255 714 361595,khadija.saidi@yahoo.com,2026-04-02
5,Masaki,Dar es Salaam,House,sale,334587480,2,2,148,"Realistic House in Masaki, Dar es Salaam. Based on current market rates for Dar es Salaam.","Parking, Security, Water, Electricity",Fatuma Hassan,+255 754 142554,fatuma.hassan@gmail.com,2026-04-02
32,Kinondoni,Dar es Salaam,House,sale,353819156,4,3,186,"Realistic House in Kinondoni, Dar es Salaam. Based on current market rates for Dar es Salaam.","WiFi, Security, Water, Electricity",Khadija Bakari,+255 756 966558,khadija.bakari@hotmail.com,2026-04-02
19,Oyster Bay,Dar es Salaam,House,sale,388827374,2,2,166,"Realistic House in Oyster Bay, Dar es Salaam. Based on current market rates for Dar es Salaam.","Security, Water, Electricity, Parking",Mariam Bakari,+255 754 259390,mariam.bakari@gmail.com,2026-04-02
