id,location,city,ward,district,bedrooms,bathrooms,size_sqm,property_type,listing_type,price_tzs,description,amenities,owner_name,owner_phone,owner_email,latitude,longitude,created_at,status
1,Urambo,Dar es Salaam,Urambo,Urambo,3,3,85,Guest_House,rent,1144474,"Modern Guest House in Urambo, Dar es Salaam. Excellent condition with recent renovations. Ideal location with easy access to amenities.","Pool, Electricity, Balcony, Solar Water Heater, Playground, Gated Community",John Mwangi,+255 741982806,john.mwangi@example.com,-8.646766720546514,33.94636885717534,2025-04-24 11:48:23.649659,available
2,Gongo la Mboto,Dar es Salaam,Gongo la Mboto,Gongo la Mboto,1,1,40,Studio_Apartment,rent,327707,"Beautiful Studio Apartment located in Gongo la Mboto, Dar es Salaam. Perfect for individuals with 1 bedrooms and modern amenities.","Water, Elevator, Air Conditioning",Sarah Kileo,+255 731337565,sarah.kileo@example.com,-1.3569027640228395,34.458306973505906,2025-11-14 11:48:23.649758,available
3,Majohe,Dar es Salaam,Majohe,Majohe,1,1,48,1_Bedroom_Apt,rent,1229668,"Beautiful 1 Bedroom Apt located in Majohe, Dar es Salaam. Perfect for individuals with 1 bedrooms and modern amenities.","Elevator, Backup Generator, Playground, Pool, Solar Water Heater, Gated Community, Balcony",Joseph Mlay,+255 654953426,joseph.mlay@example.com,-2.82948350013168,39.56912911081554,2025-10-14 11:48:23.649844,available
4,Mlimani,Dar es Salaam,Mlimani,Mlimani,3,3,194,Townhouse,sale,411127078,"Well-maintained Townhouse offering 3 bedrooms in Mlimani. Close to schools, hospitals, and shopping centers.","Balcony, WiFi, Elevator, Water, Electricity, Gated Community",Frank Mwanga,+255 760368268,frank.mwanga@example.com,-9.091453890809813,35.551837687675594,2025-09-24 11:48:23.649914,available
5,Sinza,Dar es Salaam,Sinza,Sinza,1,1,26,Master_Room,rent,357290,"Well-maintained Master Room offering 1 bedrooms in Sinza. Close to schools, hospitals, and shopping centers.","Water, Gated Community, Built-in Wardrobes, WiFi, Air Conditioning",Grace Mbeya,+255 740824299,grace.mbeya@example.com,-2.9867298432691207,37.01986282260621,2026-03-03 11:48:23.649973,available
6,Vingunguti,Dar es Salaam,Vingunguti,Vingunguti,1,1,31,Studio_Apartment,rent,567358,"Well-maintained Studio Apartment offering 1 bedrooms in Vingunguti. Close to schools, hospitals, and shopping centers.","Kitchen Cabinets, Gym, Pool",Grace Mbeya,+255 735141182,grace.mbeya@example.com,-4.657446700595485,32.48779331092089,2025-07-19 11:48:23.650026,available
7,Majohe,Dar es Salaam,Majohe,Majohe,1,1,27,Studio_Apartment,rent,830883,"Beautiful Studio Apartment located in Majohe, Dar es Salaam. Perfect for individuals with 1 bedrooms and modern amenities.","Kitchen Cabinets, Backup Generator, Balcony, WiFi, Electricity, Aluminum Windows, Parking, Playground",Thomas Mcharo,+255 643796213,thomas.mcharo@example.com,-2.0694093974805856,32.27004071225742,2026-01-25 11:48:23.650088,available
8,Tabata,Dar es Salaam,Tabata,Tabata,2,1,88,Apartment,rent,204197623,"Well-maintained Apartment offering 2 bedrooms in Tabata. Close to schools, hospitals, and shopping centers.","Solar Water Heater, Gym, Pool, Backup Generator, Water, Gated Community",John Mwangi,+255 739261369,john.mwangi@example.com,-8.174466265589812,39.67338173280295,2026-03-14 11:48:23.650144,available
9,Vingunguti,Dar es Salaam,Vingunguti,Vingunguti,4,3,175,Apartment,rent,328330948,Stunning Apartment with 175 sqm of space. Located in the desirable Vingunguti neighborhood of Dar es Salaam.,"Gated Community, Electricity, Gym, Playground, Water, Garden, Storage, WiFi",Frank Mwanga,+255 742347130,frank.mwanga@example.com,-2.574895608215119,31.374012331728856,2026-02-23 11:48:23.650199,available
10,Wazo,Dar es Salaam,Wazo,Wazo,1,1,40,Hotel_Room,rent,1216604,"Beautiful Hotel Room located in Wazo, Dar es Salaam. Perfect for individuals with 1 bedrooms and modern amenities.","Security, Playground, Solar Water Heater, Garden, Water, Air Conditioning",David Msangi,+255 779738343,david.msangi@example.com,-9.26535686510145,31.511941539967797,2025-06-02 11:48:23.650260,available
11,Sokon I,Arusha,Sokon I,Sokon I,4,2,212,Apartment,sale,301995435,"Spacious Apartment in the heart of Sokon I. Features 4 bedrooms, 2 bathrooms, and 212 sqm of living space.","Kitchen Cabinets, Gym, Ceramic Tiles",Robert Kalenga,+255 612700897,robert.kalenga@example.com,-6.934515500747237,38.91477953892799,2025-10-03 11:48:23.650368,available
12,Njiro,Arusha,Njiro,Njiro,1,1,24,Hotel_Room,rent,1060058,"Well-maintained Hotel Room offering 1 bedrooms in Njiro. Close to schools, hospitals, and shopping centers.","Elevator, Water, Built-in Wardrobes, Kitchen Cabinets, Garden, Gated Community, Security",George Mgaya,+255 793191630,george.mgaya@example.com,-9.340133955614764,36.97501524744435,2025-06-30 11:48:23.650440,available
13,Ngarenaro,Arusha,Ngarenaro,Ngarenaro,3,2,91,3_Bedroom_Apt,rent,2228257,"Beautiful 3 Bedroom Apt located in Ngarenaro, Arusha. Perfect for family with 3 bedrooms and modern amenities.","Elevator, Parking, Solar Water Heater, WiFi, Garden, Ceramic Tiles, Kitchen Cabinets",Peter Kimario,+255 717761228,peter.kimario@example.com,-1.9943442183353177,33.31697715236294,2026-01-05 11:48:23.650489,available
14,Ngarenaro,Arusha,Ngarenaro,Ngarenaro,1,0,17,Single_Room,rent,249901,"Spacious Single Room in the heart of Ngarenaro. Features 1 bedrooms, 0 bathrooms, and 17 sqm of living space.","Ceramic Tiles, Balcony, Gated Community",Anna Massawe,+255 637142334,anna.massawe@example.com,-9.776362475268835,36.83677201559614,2026-03-07 11:48:23.650530,available
15,Tengeru,Arusha,Tengeru,Tengeru,3,5,322,Villa,sale,1785845974,"Well-maintained Villa offering 3 bedrooms in Tengeru. Close to schools, hospitals, and shopping centers.","Solar Water Heater, Garden, WiFi, Balcony, Ceramic Tiles, Kitchen Cabinets, Aluminum Windows",Robert Kalenga,+255 730823896,robert.kalenga@example.com,-1.646669326784771,30.694822474412305,2025-05-25 11:48:23.650582,available
16,Sekei,Arusha,Sekei,Sekei,1,1,30,Hotel_Room,rent,411968,"Modern Hotel Room in Sekei, Arusha. Excellent condition with recent renovations. Ideal location with easy access to amenities.","Water, Storage, WiFi, Pool, Security, Built-in Wardrobes",Peter Kimario,+255 646412603,peter.kimario@example.com,-1.8934724253180857,32.60712793187353,2026-01-27 11:48:23.650631,available
17,Sekei,Arusha,Sekei,Sekei,1,1,11,Single_Room,rent,237506,"Spacious Single Room in the heart of Sekei. Features 1 bedrooms, 1 bathrooms, and 11 sqm of living space.","Storage, Aluminum Windows, Kitchen Cabinets, Pool, WiFi, Solar Water Heater, Backup Generator",Joyce Mlay,+255 746486787,joyce.mlay@example.com,-1.1202963147317284,34.53173984259913,2025-06-22 11:48:23.650675,available
18,Esso,Arusha,Esso,Esso,1,1,23,Master_Room,rent,292350,"Well-maintained Master Room offering 1 bedrooms in Esso. Close to schools, hospitals, and shopping centers.","Aluminum Windows, Parking, WiFi, Pool",Fatuma Ali,+255 694185490,fatuma.ali@example.com,-6.25026421490883,35.01976276153229,2025-05-06 11:48:23.650716,available
19,Arusha Meru,Arusha,Arusha Meru,Arusha Meru,1,1,60,1_Bedroom_Apt,rent,441861,Stunning 1 Bedroom Apt with 60 sqm of space. Located in the desirable Arusha Meru neighborhood of Arusha.,"Backup Generator, Kitchen Cabinets, Garden, Gym, Water, WiFi, Built-in Wardrobes, Air Conditioning",Anna Massawe,+255 716927040,anna.massawe@example.com,-7.004520757491206,32.70706376794318,2026-01-26 11:48:23.650762,available
20,Arusha Meru,Arusha,Arusha Meru,Arusha Meru,1,1,15,Master_Room,rent,362549,"Beautiful Master Room located in Arusha Meru, Arusha. Perfect for individuals with 1 bedrooms and modern amenities.","Built-in Wardrobes, Air Conditioning, WiFi",John Mwangi,+255 643881925,john.mwangi@example.com,-7.984201193807112,37.83944944767024,2026-01-31 11:48:23.650815,available
21,Kikombo,Dodoma,Kikombo,Kikombo,1,1,39,Studio_Apartment,rent,263065,Stunning Studio Apartment with 39 sqm of space. Located in the desirable Kikombo neighborhood of Dodoma.,"Balcony, Backup Generator, Air Conditioning, Security, Gym, Elevator, Solar Water Heater",Anna Massawe,+255 671211977,anna.massawe@example.com,-4.261477574323791,39.18560162811085,2026-02-12 11:48:23.650866,available
22,Chamwino,Dodoma,Chamwino,Chamwino,1,1,49,1_Bedroom_Apt,rent,626674,"Well-maintained 1 Bedroom Apt offering 1 bedrooms in Chamwino. Close to schools, hospitals, and shopping centers.","Built-in Wardrobes, Ceramic Tiles, Elevator, Pool, Parking",Sarah Kileo,+255 634609546,sarah.kileo@example.com,-10.967876749120464,34.11896351517512,2025-07-27 11:48:23.650917,available
23,Chinangali I,Dodoma,Chinangali I,Chinangali I,3,3,103,3_Bedroom_Apt,rent,1211840,Stunning 3 Bedroom Apt with 103 sqm of space. Located in the desirable Chinangali I neighborhood of Dodoma.,"Backup Generator, WiFi, Gym, Parking, Storage, Air Conditioning, Security",James Mkenda,+255 711332665,james.mkenda@example.com,-5.404965668991069,30.380614603214326,2025-06-22 11:48:23.650964,available
24,Bahi,Dodoma,Bahi,Bahi,6,4,332,House,rent,566659643,"Spacious House in the heart of Bahi. Features 6 bedrooms, 4 bathrooms, and 332 sqm of living space.","Water, Air Conditioning, Playground, Aluminum Windows, Storage, Elevator, Ceramic Tiles, Parking",Joyce Mlay,+255 614365355,joyce.mlay@example.com,-10.928400873986005,31.349786500373003,2025-04-21 11:48:23.651056,available
25,Ntomoko,Dodoma,Ntomoko,Ntomoko,5,3,186,Bungalow,rent,345023521,"Modern Bungalow in Ntomoko, Dodoma. Excellent condition with recent renovations. Ideal location with easy access to amenities.","Security, Gated Community, Aluminum Windows, Built-in Wardrobes, Solar Water Heater, Kitchen Cabinets, Parking",David Msangi,+255 716062020,david.msangi@example.com,-7.963545558671913,39.280447832929255,2025-08-12 11:48:23.651106,available
26,Ntomoko,Dodoma,Ntomoko,Ntomoko,3,3,246,Apartment,sale,251270258,Stunning Apartment with 246 sqm of space. Located in the desirable Ntomoko neighborhood of Dodoma.,"Security, WiFi, Elevator, Gated Community, Backup Generator",Robert Kalenga,+255 623733698,robert.kalenga@example.com,-7.65447428521575,37.43502078030527,2025-08-23 11:48:23.651149,available
27,Chinangali I,Dodoma,Chinangali I,Chinangali I,1,1,41,1_Bedroom_Apt,rent,435822,"Well-maintained 1 Bedroom Apt offering 1 bedrooms in Chinangali I. Close to schools, hospitals, and shopping centers.","Storage, Electricity, Gated Community, Air Conditioning, Water, Kitchen Cabinets, Parking",Joyce Mlay,+255 613733506,joyce.mlay@example.com,-2.0255157907692087,31.740241042517052,2025-09-10 11:48:23.651195,available
28,Chinangali II,Dodoma,Chinangali II,Chinangali II,2,3,199,Guest_House,rent,671935,"Spacious Guest House in the heart of Chinangali II. Features 2 bedrooms, 3 bathrooms, and 199 sqm of living space.","Backup Generator, Air Conditioning, Elevator, Water",Anna Massawe,+255 667015878,anna.massawe@example.com,-9.86866781039442,34.66298877707426,2025-07-17 11:48:23.651237,available
29,Kikuyu,Dodoma,Kikuyu,Kikuyu,1,1,60,1_Bedroom_Apt,rent,440501,"Modern 1 Bedroom Apt in Kikuyu, Dodoma. Excellent condition with recent renovations. Ideal location with easy access to amenities.","Balcony, Solar Water Heater, Playground",Anna Massawe,+255 711222872,anna.massawe@example.com,-7.731558584851571,36.795226776434674,2025-10-01 11:48:23.651278,available
30,Nala,Dodoma,Nala,Nala,1,1,39,1_Bedroom_Apt,rent,320609,"Modern 1 Bedroom Apt in Nala, Dodoma. Excellent condition with recent renovations. Ideal location with easy access to amenities.","Backup Generator, WiFi, Security, Parking, Gym",Robert Kalenga,+255 612035101,robert.kalenga@example.com,-5.982251552603962,32.877196889049074,2026-01-25 11:48:23.651319,available
31,Kwigulango,Mwanza,Kwigulango,Kwigulango,1,1,38,Studio_Apartment,rent,165730,Stunning Studio Apartment with 38 sqm of space. Located in the desirable Kwigulango neighborhood of Mwanza.,"Gated Community, Solar Water Heater, Aluminum Windows, Storage, Electricity, Backup Generator, Garden",Frank Mwanga,+255 614612400,frank.mwanga@example.com,-5.74331099835947,39.38066683907082,2025-05-15 11:48:23.651370,available
32,Kabangaja,Mwanza,Kabangaja,Kabangaja,2,1,57,2_Bedroom_Apt,rent,776133,"Well-maintained 2 Bedroom Apt offering 2 bedrooms in Kabangaja. Close to schools, hospitals, and shopping centers.","Playground, Security, Electricity, Water, Backup Generator, Solar Water Heater, Gym",David Msangi,+255 630064008,david.msangi@example.com,-6.64131150651191,30.393198376110696,2025-11-05 11:48:23.651451,available
33,Ukerewe,Mwanza,Ukerewe,Ukerewe,3,1,346,Bungalow,rent,177480197,"Well-maintained Bungalow offering 3 bedrooms in Ukerewe. Close to schools, hospitals, and shopping centers.","Built-in Wardrobes, Parking, Aluminum Windows, Kitchen Cabinets, Storage, Solar Water Heater, Security, Playground",John Mwangi,+255 797380028,john.mwangi@example.com,-3.2675076124573854,39.74556217189411,2025-07-02 11:48:23.651521,available
34,Malya,Mwanza,Malya,Malya,1,1,40,1_Bedroom_Apt,rent,713218,"Well-maintained 1 Bedroom Apt offering 1 bedrooms in Malya. Close to schools, hospitals, and shopping centers.","Security, Air Conditioning, WiFi, Water",Frank Mwanga,+255 610020992,frank.mwanga@example.com,-4.004915752037594,30.103364638845093,2025-08-01 11:48:23.651573,available
35,Pasiansi,Mwanza,Pasiansi,Pasiansi,3,3,99,3_Bedroom_Apt,rent,1265552,Stunning 3 Bedroom Apt with 99 sqm of space. Located in the desirable Pasiansi neighborhood of Mwanza.,"WiFi, Parking, Solar Water Heater, Playground, Garden, Built-in Wardrobes, Pool, Balcony",Sarah Kileo,+255 689409562,sarah.kileo@example.com,-7.95345938699411,37.63773699287249,2025-10-02 11:48:23.651652,available
36,Kwigulango,Mwanza,Kwigulango,Kwigulango,1,1,34,Hotel_Room,rent,1065097,Stunning Hotel Room with 34 sqm of space. Located in the desirable Kwigulango neighborhood of Mwanza.,"Garden, Backup Generator, WiFi, Balcony, Elevator, Pool",James Mkenda,+255 612980111,james.mkenda@example.com,-8.237359495853001,34.18672519128092,2025-11-10 11:48:23.651727,available
37,Kisesa,Mwanza,Kisesa,Kisesa,2,2,164,Guest_House,rent,410840,"Modern Guest House in Kisesa, Mwanza. Excellent condition with recent renovations. Ideal location with easy access to amenities.","Ceramic Tiles, Elevator, WiFi, Pool, Solar Water Heater",George Mgaya,+255 693874097,george.mgaya@example.com,-3.9139581605396225,36.723314563530955,2025-05-18 11:48:23.651780,available
38,Isamilo,Mwanza,Isamilo,Isamilo,1,1,14,Single_Room,rent,225311,"Spacious Single Room in the heart of Isamilo. Features 1 bedrooms, 1 bathrooms, and 14 sqm of living space.","Gym, WiFi, Security, Pool, Ceramic Tiles, Playground, Water, Balcony",Frank Mwanga,+255 786540394,frank.mwanga@example.com,-8.786468793369233,37.25045395527835,2026-01-25 11:48:23.651871,available
39,Ilemela,Mwanza,Ilemela,Ilemela,2,1,110,Guest_House,rent,1795259,"Spacious Guest House in the heart of Ilemela. Features 2 bedrooms, 1 bathrooms, and 110 sqm of living space.","Aluminum Windows, WiFi, Built-in Wardrobes, Storage",Susan Kiwanga,+255 615638649,susan.kiwanga@example.com,-6.104695297268094,38.03698445700539,2025-11-29 11:48:23.651920,available
40,Kagondo,Mwanza,Kagondo,Kagondo,2,1,75,2_Bedroom_Apt,rent,1196800,"Modern 2 Bedroom Apt in Kagondo, Mwanza. Excellent condition with recent renovations. Ideal location with easy access to amenities.","Storage, Gated Community, Playground, Backup Generator, Water, Gym, WiFi",Aisha Hassan,+255 699663428,aisha.hassan@example.com,-1.8323902824004978,37.29739925843662,2025-11-09 11:48:23.651971,available
41,Matema,Mbeya,Matema,Matema,3,1,265,Bungalow,sale,336920417,Stunning Bungalow with 265 sqm of space. Located in the desirable Matema neighborhood of Mbeya.,"Built-in Wardrobes, Electricity, Pool",Peter Kimario,+255 773859799,peter.kimario@example.com,-7.501261307622078,35.76265022976936,2025-05-31 11:48:23.652022,available
42,Kipeta,Mbeya,Kipeta,Kipeta,4,1,160,Guest_House,rent,1537364,"Beautiful Guest House located in Kipeta, Mbeya. Perfect for family with 4 bedrooms and modern amenities.","Backup Generator, Kitchen Cabinets, Pool, Playground, Elevator",John Mwangi,+255 717465617,john.mwangi@example.com,-2.5498947078744845,35.039429790547985,2025-06-01 11:48:23.652078,available
43,Kawelonde,Mbeya,Kawelonde,Kawelonde,5,1,212,Bungalow,sale,239313025,Stunning Bungalow with 212 sqm of space. Located in the desirable Kawelonde neighborhood of Mbeya.,"Playground, Storage, Electricity",Anna Massawe,+255 782980691,anna.massawe@example.com,-8.7034039376375,35.242509328944124,2025-10-16 11:48:23.652126,available
44,Nkansi,Mbeya,Nkansi,Nkansi,3,2,77,3_Bedroom_Apt,rent,1252071,"Beautiful 3 Bedroom Apt located in Nkansi, Mbeya. Perfect for family with 3 bedrooms and modern amenities.","Air Conditioning, Gym, Parking, Electricity, Ceramic Tiles, Garden",Fatuma Ali,+255 669721651,fatuma.ali@example.com,-8.725752531481243,37.4392052448807,2025-06-29 11:48:23.652174,available
45,Isongole,Mbeya,Isongole,Isongole,3,2,112,3_Bedroom_Apt,rent,1283456,"Well-maintained 3 Bedroom Apt offering 3 bedrooms in Isongole. Close to schools, hospitals, and shopping centers.","Garden, Pool, Solar Water Heater, Backup Generator, Ceramic Tiles, Built-in Wardrobes, Parking",Grace Mbeya,+255 747609661,grace.mbeya@example.com,-1.1081794520071089,34.64502291035072,2025-11-21 11:48:23.652219,available
46,Nkanga,Mbeya,Nkanga,Nkanga,1,1,35,1_Bedroom_Apt,rent,266284,"Spacious 1 Bedroom Apt in the heart of Nkanga. Features 1 bedrooms, 1 bathrooms, and 35 sqm of living space.","Playground, Water, Security, Elevator, Solar Water Heater, Storage, Backup Generator, Parking",Robert Kalenga,+255 795967545,robert.kalenga@example.com,-4.477695891969949,32.87074322063479,2025-06-29 11:48:23.652269,available
47,Nsunga,Mbeya,Nsunga,Nsunga,2,3,150,Townhouse,rent,276037760,"Spacious Townhouse in the heart of Nsunga. Features 2 bedrooms, 3 bathrooms, and 150 sqm of living space.","Gym, Air Conditioning, Water, Electricity, WiFi, Built-in Wardrobes, Ceramic Tiles, Kitchen Cabinets",Joyce Mlay,+255 627880388,joyce.mlay@example.com,-8.448747251726969,39.57826597071441,2025-05-16 11:48:23.652317,available
48,Kamsamba,Mbeya,Kamsamba,Kamsamba,4,3,89,Apartment,sale,189458065,"Well-maintained Apartment offering 4 bedrooms in Kamsamba. Close to schools, hospitals, and shopping centers.","Gym, WiFi, Electricity, Aluminum Windows, Backup Generator, Security",Joyce Mlay,+255 726316760,joyce.mlay@example.com,-5.03267374995653,30.541501851402035,2026-03-31 11:48:23.652363,available
49,Nsongwe,Mbeya,Nsongwe,Nsongwe,1,1,42,1_Bedroom_Apt,rent,341699,"Well-maintained 1 Bedroom Apt offering 1 bedrooms in Nsongwe. Close to schools, hospitals, and shopping centers.","Garden, Backup Generator, Security, Pool, Air Conditioning, Aluminum Windows, Playground, Gated Community",Grace Mbeya,+255 792461701,grace.mbeya@example.com,-5.597949349911468,30.224533293437503,2025-06-03 11:48:23.652416,available
50,Nsongwe,Mbeya,Nsongwe,Nsongwe,3,2,82,3_Bedroom_Apt,rent,1819517,Stunning 3 Bedroom Apt with 82 sqm of space. Located in the desirable Nsongwe neighborhood of Mbeya.,"WiFi, Parking, Ceramic Tiles, Kitchen Cabinets, Solar Water Heater, Storage, Electricity",John Mwangi,+255 670161329,john.mwangi@example.com,-9.085260470721657,34.59075439287807,2025-08-17 11:48:23.652460,available
51,Makorora,Tanga,Makorora,Makorora,3,1,281,Bungalow,sale,272382992,"Spacious Bungalow in the heart of Makorora. Features 3 bedrooms, 1 bathrooms, and 281 sqm of living space.","WiFi, Backup Generator, Garden, Balcony, Pool, Security, Gated Community",James Mkenda,+255 699150058,james.mkenda@example.com,-1.5141815288086278,38.389448011032876,2025-12-21 11:48:23.652514,available
52,Kwagunda,Tanga,Kwagunda,Kwagunda,3,1,78,Apartment,rent,108655715,"Beautiful Apartment located in Kwagunda, Tanga. Perfect for family with 3 bedrooms and modern amenities.","Aluminum Windows, Balcony, Gym",Aisha Hassan,+255 697109413,aisha.hassan@example.com,-5.97340591448105,36.12514640521986,2025-04-24 11:48:23.652560,available
53,Mabanda,Tanga,Mabanda,Mabanda,3,2,91,3_Bedroom_Apt,rent,814505,"Spacious 3 Bedroom Apt in the heart of Mabanda. Features 3 bedrooms, 2 bathrooms, and 91 sqm of living space.","Playground, Gym, Water, Security, Aluminum Windows",Frank Mwanga,+255 770898794,frank.mwanga@example.com,-9.206935068354733,36.97101825856544,2025-04-30 11:48:23.652607,available
54,Makanya,Tanga,Makanya,Makanya,3,2,89,3_Bedroom_Apt,rent,780951,Stunning 3 Bedroom Apt with 89 sqm of space. Located in the desirable Makanya neighborhood of Tanga.,"Solar Water Heater, Pool, Ceramic Tiles, Gated Community, Air Conditioning",Peter Kimario,+255 671808716,peter.kimario@example.com,-6.1834930971925335,37.4951388180247,2025-06-27 11:48:23.652652,available
55,Mpirani,Tanga,Mpirani,Mpirani,1,1,24,Bedsitter,rent,268391,Stunning Bedsitter with 24 sqm of space. Located in the desirable Mpirani neighborhood of Tanga.,"Garden, Electricity, Pool",John Mwangi,+255 644116124,john.mwangi@example.com,-4.0794980300741965,39.94743388923705,2025-07-11 11:48:23.652691,available
56,Magila,Tanga,Magila,Magila,3,2,93,3_Bedroom_Apt,rent,1128295,"Well-maintained 3 Bedroom Apt offering 3 bedrooms in Magila. Close to schools, hospitals, and shopping centers.","Security, Aluminum Windows, Parking, Gated Community",Michael Nyoni,+255 713171979,michael.nyoni@example.com,-10.557836557898767,31.324439794927205,2026-03-19 11:48:23.652738,available
57,Chumbageni,Tanga,Chumbageni,Chumbageni,3,3,317,Bungalow,sale,181167337,"Modern Bungalow in Chumbageni, Tanga. Excellent condition with recent renovations. Ideal location with easy access to amenities.","Electricity, Parking, Water, Air Conditioning, Storage, Gym, Kitchen Cabinets, Aluminum Windows",David Msangi,+255 666207266,david.msangi@example.com,-7.051637630326214,33.819083048731535,2025-04-02 11:48:23.652786,available
58,Mkuzi,Tanga,Mkuzi,Mkuzi,2,1,66,2_Bedroom_Apt,rent,400001,"Beautiful 2 Bedroom Apt located in Mkuzi, Tanga. Perfect for individuals with 2 bedrooms and modern amenities.","Air Conditioning, Built-in Wardrobes, Kitchen Cabinets",Zawadi Msemwa,+255 629614073,zawadi.msemwa@example.com,-2.2698549644032457,32.166162096866856,2025-12-11 11:48:23.652828,available
59,Kiroka,Morogoro,Kiroka,Kiroka,1,1,50,1_Bedroom_Apt,rent,499997,"Modern 1 Bedroom Apt in Kiroka, Morogoro. Excellent condition with recent renovations. Ideal location with easy access to amenities.","Security, Aluminum Windows, Electricity, Water, Solar Water Heater, Ceramic Tiles, Pool, Backup Generator",Elizabeth Mwangaza,+255 683972008,elizabeth.mwangaza@example.com,-4.1367332870416025,33.60506532159956,2026-01-04 11:48:23.652883,available
60,Kiroka,Morogoro,Kiroka,Kiroka,2,3,189,Guest_House,rent,1312051,"Spacious Guest House in the heart of Kiroka. Features 2 bedrooms, 3 bathrooms, and 189 sqm of living space.","Security, Balcony, WiFi, Gym, Pool, Aluminum Windows, Backup Generator, Kitchen Cabinets",Joyce Mlay,+255 781371530,joyce.mlay@example.com,-3.099109726744124,36.77917877279288,2025-12-16 11:48:23.652930,available
61,Kisaki,Morogoro,Kisaki,Kisaki,2,2,233,Townhouse,rent,377215470,"Beautiful Townhouse located in Kisaki, Morogoro. Perfect for individuals with 2 bedrooms and modern amenities.","Pool, WiFi, Water, Backup Generator",Thomas Mcharo,+255 714975747,thomas.mcharo@example.com,-6.137501894834191,33.153499241025365,2025-04-19 11:48:23.653035,available
62,Kisaki,Morogoro,Kisaki,Kisaki,4,1,88,Apartment,rent,188417729,"Modern Apartment in Kisaki, Morogoro. Excellent condition with recent renovations. Ideal location with easy access to amenities.","Pool, Gated Community, WiFi, Balcony, Gym, Electricity, Kitchen Cabinets",Frank Mwanga,+255 735227540,frank.mwanga@example.com,-2.011590632098029,35.76999110678915,2026-01-23 11:48:23.653102,available
63,Boma,Morogoro,Boma,Boma,3,3,129,Bungalow,rent,285450497,"Spacious Bungalow in the heart of Boma. Features 3 bedrooms, 3 bathrooms, and 129 sqm of living space.","Ceramic Tiles, Kitchen Cabinets, Solar Water Heater, Air Conditioning, Garden, Parking",Susan Kiwanga,+255 632897263,susan.kiwanga@example.com,-2.881755196675183,35.91818861258001,2025-09-15 11:48:23.653147,available
64,Mikese,Morogoro,Mikese,Mikese,1,1,56,1_Bedroom_Apt,rent,240308,"Beautiful 1 Bedroom Apt located in Mikese, Morogoro. Perfect for individuals with 1 bedrooms and modern amenities.","Backup Generator, Garden, Balcony, Air Conditioning",Peter Kimario,+255 732618964,peter.kimario@example.com,-5.293528205289418,32.30100536514084,2025-10-22 11:48:23.653188,available
65,Turu,Morogoro,Turu,Turu,1,1,24,Hotel_Room,rent,320654,"Well-maintained Hotel Room offering 1 bedrooms in Turu. Close to schools, hospitals, and shopping centers.","Backup Generator, Ceramic Tiles, Garden, Balcony",Sarah Kileo,+255 622745607,sarah.kileo@example.com,-10.116230064006473,34.61440330836861,2025-09-06 11:48:23.653227,available
66,Kisaki,Morogoro,Kisaki,Kisaki,1,1,21,Master_Room,rent,275711,Stunning Master Room with 21 sqm of space. Located in the desirable Kisaki neighborhood of Morogoro.,"Kitchen Cabinets, Aluminum Windows, Electricity, Pool, Water",John Mwangi,+255 719617096,john.mwangi@example.com,-6.908463958038535,37.49437928161741,2026-01-21 11:48:23.653276,available
67,Kichangani,Morogoro,Kichangani,Kichangani,2,1,52,2_Bedroom_Apt,rent,558570,Stunning 2 Bedroom Apt with 52 sqm of space. Located in the desirable Kichangani neighborhood of Morogoro.,"WiFi, Aluminum Windows, Built-in Wardrobes, Electricity, Kitchen Cabinets, Elevator, Security",Anna Massawe,+255 680647540,anna.massawe@example.com,-3.034666725282289,37.199176728575246,2025-09-19 11:48:23.653324,available
68,Nanyumbu,Mtwara,Nanyumbu,Nanyumbu,1,0,17,Single_Room,rent,144550,"Well-maintained Single Room offering 1 bedrooms in Nanyumbu. Close to schools, hospitals, and shopping centers.","Storage, Gated Community, Built-in Wardrobes, Parking, Garden, Elevator, Balcony, WiFi",Joseph Mlay,+255 694369002,joseph.mlay@example.com,-6.763789146582301,39.97915062743331,2026-03-03 11:48:23.653381,available
69,Mapogoro,Mtwara,Mapogoro,Mapogoro,1,1,236,Apartment,sale,256856079,"Beautiful Apartment located in Mapogoro, Mtwara. Perfect for individuals with 1 bedrooms and modern amenities.","Gym, WiFi, Air Conditioning, Built-in Wardrobes, Aluminum Windows, Water, Balcony",Elizabeth Mwangaza,+255 739100485,elizabeth.mwangaza@example.com,-7.395773959915124,32.444949368203105,2025-11-23 11:48:23.653436,available
70,Newala,Mtwara,Newala,Newala,4,1,299,Townhouse,sale,370434666,"Spacious Townhouse in the heart of Newala. Features 4 bedrooms, 1 bathrooms, and 299 sqm of living space.","Backup Generator, Storage, Playground, Aluminum Windows",Zawadi Msemwa,+255 673045789,zawadi.msemwa@example.com,-9.287619445560427,35.596248189570744,2025-10-20 11:48:23.653481,available
71,Nanyumbu,Mtwara,Nanyumbu,Nanyumbu,1,1,15,Single_Room,rent,37857,Stunning Single Room with 15 sqm of space. Located in the desirable Nanyumbu neighborhood of Mtwara.,"Aluminum Windows, Solar Water Heater, WiFi, Built-in Wardrobes",Susan Kiwanga,+255 786071863,susan.kiwanga@example.com,-4.656258009837387,38.06712030994591,2025-06-11 11:48:23.653522,available
72,Newala,Mtwara,Newala,Newala,2,3,90,House,sale,211423379,"Well-maintained House offering 2 bedrooms in Newala. Close to schools, hospitals, and shopping centers.","Backup Generator, Solar Water Heater, Aluminum Windows, Storage, Gated Community, Playground, Pool, Garden",Anna Massawe,+255 750215507,anna.massawe@example.com,-9.293837452835064,30.380557347495696,2025-05-27 11:48:23.653591,available
73,Kisanga,Mtwara,Kisanga,Kisanga,7,4,314,Villa,sale,620428418,"Spacious Villa in the heart of Kisanga. Features 7 bedrooms, 4 bathrooms, and 314 sqm of living space.","Garden, Gym, Built-in Wardrobes, Storage, Water",Joseph Mlay,+255 626682419,joseph.mlay@example.com,-9.43192571186723,37.104867479617155,2026-02-14 11:48:23.653641,available
74,Naliendele,Mtwara,Naliendele,Naliendele,1,1,21,Master_Room,rent,155522,"Modern Master Room in Naliendele, Mtwara. Excellent condition with recent renovations. Ideal location with easy access to amenities.","Built-in Wardrobes, Backup Generator, Garden, Kitchen Cabinets, Storage, WiFi, Elevator",Robert Kalenga,+255 692189658,robert.kalenga@example.com,-5.074343459924084,38.70102450036631,2025-08-27 11:48:23.653692,available
75,Mchuku,Ruvuma,Mchuku,Mchuku,1,1,46,1_Bedroom_Apt,rent,597248,"Well-maintained 1 Bedroom Apt offering 1 bedrooms in Mchuku. Close to schools, hospitals, and shopping centers.","Balcony, Gym, WiFi, Security, Gated Community, Solar Water Heater",Elizabeth Mwangaza,+255 677177102,elizabeth.mwangaza@example.com,-10.071865387542317,30.538325888526654,2026-02-23 11:48:23.653747,available
76,Mbinga,Ruvuma,Mbinga,Mbinga,1,0,17,Single_Room,rent,29962,Stunning Single Room with 17 sqm of space. Located in the desirable Mbinga neighborhood of Ruvuma.,"Balcony, Gated Community, Garden, Kitchen Cabinets, Air Conditioning, Backup Generator",Anna Massawe,+255 773318886,anna.massawe@example.com,-10.761697756225711,39.303594560607614,2025-06-04 11:48:23.653790,available
77,Songea Mjini Mashariki,Ruvuma,Songea Mjini Mashariki,Songea Mjini Mashariki,3,3,78,3_Bedroom_Apt,rent,1232765,"Beautiful 3 Bedroom Apt located in Songea Mjini Mashariki, Ruvuma. Perfect for family with 3 bedrooms and modern amenities.","Gym, Parking, Gated Community, Kitchen Cabinets",Sarah Kileo,+255 762045303,sarah.kileo@example.com,-6.892432411667584,32.966764350023375,2025-08-24 11:48:23.653849,available
78,Mchuku,Ruvuma,Mchuku,Mchuku,5,4,283,House,rent,505214100,"Modern House in Mchuku, Ruvuma. Excellent condition with recent renovations. Ideal location with easy access to amenities.","Gym, Security, Gated Community, Parking, Kitchen Cabinets",George Mgaya,+255 759687673,george.mgaya@example.com,-10.076232650525085,33.04434607970091,2025-07-10 11:48:23.653896,available
79,Mchuku,Ruvuma,Mchuku,Mchuku,1,1,28,Bedsitter,rent,89764,"Well-maintained Bedsitter offering 1 bedrooms in Mchuku. Close to schools, hospitals, and shopping centers.","WiFi, Water, Elevator",Joyce Mlay,+255 637689879,joyce.mlay@example.com,-4.710935783021031,34.79953989622776,2025-07-07 11:48:23.653936,available
80,Mchuku,Ruvuma,Mchuku,Mchuku,3,3,73,3_Bedroom_Apt,rent,1428367,"Spacious 3 Bedroom Apt in the heart of Mchuku. Features 3 bedrooms, 3 bathrooms, and 73 sqm of living space.","Ceramic Tiles, Parking, Storage, Garden, Aluminum Windows, Balcony, Gated Community",Anna Massawe,+255 637010199,anna.massawe@example.com,-1.050733977432916,38.79831236818357,2025-04-12 11:48:23.653984,available
81,Mchuku,Ruvuma,Mchuku,Mchuku,2,1,54,2_Bedroom_Apt,rent,892993,Stunning 2 Bedroom Apt with 54 sqm of space. Located in the desirable Mchuku neighborhood of Ruvuma.,"Water, Pool, Backup Generator, Ceramic Tiles",Michael Nyoni,+255 722103067,michael.nyoni@example.com,-8.384749557093295,36.89950074265533,2026-01-21 11:48:23.654027,available
82,Matengo Street,Ruvuma,Matengo Street,Matengo Street,1,1,22,Hotel_Room,rent,274947,"Beautiful Hotel Room located in Matengo Street, Ruvuma. Perfect for individuals with 1 bedrooms and modern amenities.","Backup Generator, Gym, Elevator, Solar Water Heater, Pool",Joyce Mlay,+255 786054826,joyce.mlay@example.com,-5.146440000230669,32.01434593938293,2025-05-17 11:48:23.654118,available
83,Gungu,Kigoma,Gungu,Gungu,5,3,111,Bungalow,sale,265401746,Stunning Bungalow with 111 sqm of space. Located in the desirable Gungu neighborhood of Kigoma.,"Electricity, Elevator, Aluminum Windows, Water, Parking, WiFi, Ceramic Tiles",Frank Mwanga,+255 723883411,frank.mwanga@example.com,-10.160977437203933,36.357036924992336,2025-06-15 11:48:23.654202,available
84,Gungu,Kigoma,Gungu,Gungu,1,1,20,Master_Room,rent,332511,Stunning Master Room with 20 sqm of space. Located in the desirable Gungu neighborhood of Kigoma.,"WiFi, Parking, Security, Storage",Robert Kalenga,+255 760550746,robert.kalenga@example.com,-3.0595509522098068,34.439103558363364,2025-12-18 11:48:23.654252,available
85,Mwanga,Kigoma,Mwanga,Mwanga,1,1,21,Master_Room,rent,93592,"Well-maintained Master Room offering 1 bedrooms in Mwanga. Close to schools, hospitals, and shopping centers.","Parking, Backup Generator, Balcony, Elevator, Garden",Joseph Mlay,+255 668964577,joseph.mlay@example.com,-4.214383139225692,38.65424977029252,2025-06-01 11:48:23.654287,available
86,Kigoma,Kigoma,Kigoma,Kigoma,1,1,29,Master_Room,rent,301903,Stunning Master Room with 29 sqm of space. Located in the desirable Kigoma neighborhood of Kigoma.,"Pool, Solar Water Heater, Aluminum Windows, Ceramic Tiles, Kitchen Cabinets",Peter Kimario,+255 768734222,peter.kimario@example.com,-6.440970891477276,36.50781011310668,2026-03-20 11:48:23.654319,available
87,Mwanga,Kigoma,Mwanga,Mwanga,1,1,25,Bedsitter,rent,131961,"Spacious Bedsitter in the heart of Mwanga. Features 1 bedrooms, 1 bathrooms, and 25 sqm of living space.","Backup Generator, Ceramic Tiles, Built-in Wardrobes",Miriam Kessy,+255 646727574,miriam.kessy@example.com,-3.0520001214068664,31.62341267015391,2025-04-17 11:48:23.654348,available
88,Ujiji,Kigoma,Ujiji,Ujiji,4,1,128,Bungalow,rent,101814417,Stunning Bungalow with 128 sqm of space. Located in the desirable Ujiji neighborhood of Kigoma.,"Aluminum Windows, Playground, Electricity, Pool",Thomas Mcharo,+255 697952573,thomas.mcharo@example.com,-7.490538045897577,37.25402276493442,2025-05-25 11:48:23.654379,available
89,Kasulu,Kigoma,Kasulu,Kasulu,1,1,25,Hotel_Room,rent,216076,Stunning Hotel Room with 25 sqm of space. Located in the desirable Kasulu neighborhood of Kigoma.,"Elevator, Balcony, Aluminum Windows, Solar Water Heater",Elizabeth Mwangaza,+255 645168623,elizabeth.mwangaza@example.com,-5.090912977001759,36.033225535035136,2025-07-12 11:48:23.654413,available
90,Urambo,Tabora,Urambo,Urambo,1,1,25,Master_Room,rent,337175,"Beautiful Master Room located in Urambo, Tabora. Perfect for individuals with 1 bedrooms and modern amenities.","Elevator, WiFi, Solar Water Heater, Aluminum Windows",Susan Kiwanga,+255 675633250,susan.kiwanga@example.com,-9.785592901280543,30.98075582574559,2025-09-16 11:48:23.654444,available
91,Zambia,Tabora,Zambia,Zambia,5,1,218,Bungalow,rent,182919264,"Spacious Bungalow in the heart of Zambia. Features 5 bedrooms, 1 bathrooms, and 218 sqm of living space.","Air Conditioning, Built-in Wardrobes, Gym",David Msangi,+255 710039279,david.msangi@example.com,-3.867679143222876,34.779426241187814,2025-05-16 11:48:23.654474,available
92,Ngalula,Tabora,Ngalula,Ngalula,3,4,437,Villa,sale,247118260,"Spacious Villa in the heart of Ngalula. Features 3 bedrooms, 4 bathrooms, and 437 sqm of living space.","Backup Generator, Storage, Aluminum Windows, Security",Frank Mwanga,+255 678061441,frank.mwanga@example.com,-2.733707540992288,30.05644812290008,2025-09-17 11:48:23.654502,available
93,Nzega,Tabora,Nzega,Nzega,3,2,108,3_Bedroom_Apt,rent,1040013,"Spacious 3 Bedroom Apt in the heart of Nzega. Features 3 bedrooms, 2 bathrooms, and 108 sqm of living space.","Gym, Ceramic Tiles, Elevator, Parking",Miriam Kessy,+255 757635361,miriam.kessy@example.com,-1.5091680719045506,37.04638751776716,2025-09-09 11:48:23.654522,available
94,Nzega,Tabora,Nzega,Nzega,3,2,88,3_Bedroom_Apt,rent,557157,Stunning 3 Bedroom Apt with 88 sqm of space. Located in the desirable Nzega neighborhood of Tabora.,"Ceramic Tiles, Storage, Air Conditioning, Gated Community, Kitchen Cabinets, Water, Playground, Solar Water Heater",Aisha Hassan,+255 767565383,aisha.hassan@example.com,-5.943721921616277,35.75724226863997,2025-04-13 11:48:23.654547,available
95,Mwanza Street,Tabora,Mwanza Street,Mwanza Street,4,1,215,Apartment,sale,302654519,"Spacious Apartment in the heart of Mwanza Street. Features 4 bedrooms, 1 bathrooms, and 215 sqm of living space.","Balcony, Aluminum Windows, Playground, Security, Air Conditioning, Parking",Anna Massawe,+255 727275475,anna.massawe@example.com,-8.918962906042747,36.88077572941764,2025-05-20 11:48:23.654570,available
96,Iramba,Singida,Iramba,Iramba,3,2,144,Apartment,sale,59700105,"Beautiful Apartment located in Iramba, Singida. Perfect for family with 3 bedrooms and modern amenities.","Electricity, Solar Water Heater, Gated Community, Built-in Wardrobes, Aluminum Windows, Gym",Sarah Kileo,+255 791582508,sarah.kileo@example.com,-2.192872807717176,38.683753804061745,2025-06-29 11:48:23.654593,available
97,Singida Mjini,Singida,Singida Mjini,Singida Mjini,4,2,81,Guest_House,rent,282037,Stunning Guest House with 81 sqm of space. Located in the desirable Singida Mjini neighborhood of Singida.,"Gym, Backup Generator, Security",David Msangi,+255 740316721,david.msangi@example.com,-3.150341652899744,38.49854712712934,2025-05-31 11:48:23.654612,available
98,Mjini,Singida,Mjini,Mjini,4,2,99,Guest_House,rent,438813,"Modern Guest House in Mjini, Singida. Excellent condition with recent renovations. Ideal location with easy access to amenities.","Parking, Solar Water Heater, Gated Community, Aluminum Windows, Air Conditioning",David Msangi,+255 691345662,david.msangi@example.com,-10.025140764977795,34.29184885924976,2025-06-25 11:48:23.654631,available
99,Manyoni,Singida,Manyoni,Manyoni,1,1,24,Master_Room,rent,115365,"Spacious Master Room in the heart of Manyoni. Features 1 bedrooms, 1 bathrooms, and 24 sqm of living space.","Kitchen Cabinets, Backup Generator, Parking",Robert Kalenga,+255 636274769,robert.kalenga@example.com,-8.605106990694102,31.967357880255797,2026-01-01 11:48:23.654652,available
100,Mungumaji,Singida,Mungumaji,Mungumaji,4,2,195,Guest_House,rent,782681,Stunning Guest House with 195 sqm of space. Located in the desirable Mungumaji neighborhood of Singida.,"Air Conditioning, Security, Pool, Elevator, Storage",George Mgaya,+255 745037559,george.mgaya@example.com,-5.483214284609936,34.26739419395432,2025-11-06 11:48:23.654760,available
101,Nkungi,Singida,Nkungi,Nkungi,5,4,157,House,rent,345078190,"Spacious House in the heart of Nkungi. Features 5 bedrooms, 4 bathrooms, and 157 sqm of living space.","Garden, Ceramic Tiles, Aluminum Windows, Playground, Kitchen Cabinets, Balcony, Pool",Sarah Kileo,+255 639573032,sarah.kileo@example.com,-4.090124025073056,33.36224999536779,2025-06-05 11:48:23.654783,available
102,Mjini,Singida,Mjini,Mjini,5,2,206,Bungalow,sale,157046997,"Spacious Bungalow in the heart of Mjini. Features 5 bedrooms, 2 bathrooms, and 206 sqm of living space.","Pool, Gated Community, Electricity, WiFi, Balcony, Garden",Fatuma Ali,+255 751670812,fatuma.ali@example.com,-8.433784213668115,37.19663623596408,2025-12-13 11:48:23.654808,available
103,Mkuranga,Pwani,Mkuranga,Mkuranga,1,1,19,Master_Room,rent,182574,"Well-maintained Master Room offering 1 bedrooms in Mkuranga. Close to schools, hospitals, and shopping centers.","Solar Water Heater, Garden, Pool, Kitchen Cabinets",Peter Kimario,+255 740614381,peter.kimario@example.com,-7.674661259631717,38.345438879788574,2025-08-26 11:48:23.654828,available
104,Rufiji,Pwani,Rufiji,Rufiji,3,3,122,House,rent,337225187,"Spacious House in the heart of Rufiji. Features 3 bedrooms, 3 bathrooms, and 122 sqm of living space.","Garden, Playground, Gated Community, Security, Solar Water Heater, Backup Generator, Water, WiFi",Zawadi Msemwa,+255 657149704,zawadi.msemwa@example.com,-3.6769199102482926,37.30634263139181,2025-08-18 11:48:23.654849,available
105,Bagamoyo,Pwani,Bagamoyo,Bagamoyo,3,3,322,Bungalow,rent,166399128,"Spacious Bungalow in the heart of Bagamoyo. Features 3 bedrooms, 3 bathrooms, and 322 sqm of living space.","Gym, Storage, Built-in Wardrobes, Electricity, Gated Community, Water",Thomas Mcharo,+255 616097275,thomas.mcharo@example.com,-2.8937355626367527,32.87516534526215,2025-12-17 11:48:23.654875,available
106,Mkuranga,Pwani,Mkuranga,Mkuranga,3,3,227,Apartment,sale,267621424,Stunning Apartment with 227 sqm of space. Located in the desirable Mkuranga neighborhood of Pwani.,"Ceramic Tiles, Elevator, Gym",Zawadi Msemwa,+255 771572103,zawadi.msemwa@example.com,-8.668434980573156,30.9825636209681,2025-06-28 11:48:23.654894,available
107,Kisarawe,Pwani,Kisarawe,Kisarawe,8,2,228,Villa,sale,883758745,"Spacious Villa in the heart of Kisarawe. Features 8 bedrooms, 2 bathrooms, and 228 sqm of living space.","Gym, Pool, Gated Community, Parking, Kitchen Cabinets, Air Conditioning",Susan Kiwanga,+255 745197543,susan.kiwanga@example.com,-8.727808618561982,38.66469750303366,2025-06-23 11:48:23.654914,available
108,Kisarawe,Pwani,Kisarawe,Kisarawe,2,1,86,2_Bedroom_Apt,rent,387453,"Beautiful 2 Bedroom Apt located in Kisarawe, Pwani. Perfect for individuals with 2 bedrooms and modern amenities.","Backup Generator, Pool, Built-in Wardrobes, Ceramic Tiles",Anna Massawe,+255 726443792,anna.massawe@example.com,-3.733894293210075,37.72842647824528,2025-10-27 11:48:23.654933,available
109,Mkuranga,Pwani,Mkuranga,Mkuranga,4,3,249,Apartment,rent,163841984,"Modern Apartment in Mkuranga, Pwani. Excellent condition with recent renovations. Ideal location with easy access to amenities.","Gym, Backup Generator, Aluminum Windows, Electricity",Elizabeth Mwangaza,+255 720251797,elizabeth.mwangaza@example.com,-9.7038921530505,31.54615011074043,2025-08-25 11:48:23.654952,available
110,Forodhani,Unguja,Forodhani,Forodhani,3,3,90,3_Bedroom_Apt,rent,1957130,"Well-maintained 3 Bedroom Apt offering 3 bedrooms in Forodhani. Close to schools, hospitals, and shopping centers.","Ceramic Tiles, Pool, Water, Parking",Peter Kimario,+255 612194568,peter.kimario@example.com,-7.205373048669969,37.8615363444429,2025-09-27 11:48:23.654974,available
111,Michamvi,Unguja,Michamvi,Michamvi,5,3,305,House,rent,690484764,Stunning House with 305 sqm of space. Located in the desirable Michamvi neighborhood of Unguja.,"Playground, Elevator, Backup Generator, Gym, Garden, Ceramic Tiles, Electricity",Sarah Kileo,+255 672890591,sarah.kileo@example.com,-10.464078187815323,31.39505143143148,2026-03-07 11:48:23.654995,available
112,Forodhani,Unguja,Forodhani,Forodhani,1,1,22,Hotel_Room,rent,860050,Stunning Hotel Room with 22 sqm of space. Located in the desirable Forodhani neighborhood of Unguja.,"Parking, Elevator, Security, Balcony, WiFi, Solar Water Heater, Gated Community, Storage",John Mwangi,+255 769403492,john.mwangi@example.com,-5.7893457886268385,32.756638829587104,2025-12-03 11:48:23.655022,available
113,Fujoni,Unguja,Fujoni,Fujoni,5,2,275,Bungalow,rent,415497709,Stunning Bungalow with 275 sqm of space. Located in the desirable Fujoni neighborhood of Unguja.,"Playground, Kitchen Cabinets, Garden",Joseph Mlay,+255 795507711,joseph.mlay@example.com,-2.203694193880205,32.89628083655143,2025-08-08 11:48:23.655042,available
114,Paje,Unguja,Paje,Paje,1,1,51,1_Bedroom_Apt,rent,365737,"Modern 1 Bedroom Apt in Paje, Unguja. Excellent condition with recent renovations. Ideal location with easy access to amenities.","Backup Generator, Gym, WiFi, Elevator, Electricity, Balcony, Gated Community",Fatuma Ali,+255 783748025,fatuma.ali@example.com,-3.900444763271545,34.50663411702547,2025-08-03 11:48:23.655063,available
115,Kiwengwa,Unguja,Kiwengwa,Kiwengwa,4,1,172,Guest_House,rent,2530209,"Spacious Guest House in the heart of Kiwengwa. Features 4 bedrooms, 1 bathrooms, and 172 sqm of living space.","Gated Community, Kitchen Cabinets, Garden, Pool",Joyce Mlay,+255 718323160,joyce.mlay@example.com,-3.077792333964963,36.234719726901226,2026-03-07 11:48:23.655082,available
116,Kizimkazi,Unguja,Kizimkazi,Kizimkazi,1,1,20,Bedsitter,rent,369709,Stunning Bedsitter with 20 sqm of space. Located in the desirable Kizimkazi neighborhood of Unguja.,"Solar Water Heater, Elevator, Aluminum Windows",Grace Mbeya,+255 672980715,grace.mbeya@example.com,-9.706562952445607,35.557338927390184,2026-01-08 11:48:23.655099,available
117,Jambiani,Unguja,Jambiani,Jambiani,1,1,41,1_Bedroom_Apt,rent,241725,"Well-maintained 1 Bedroom Apt offering 1 bedrooms in Jambiani. Close to schools, hospitals, and shopping centers.","Gated Community, Aluminum Windows, Kitchen Cabinets, Backup Generator, Storage, Gym",John Mwangi,+255 745671322,john.mwangi@example.com,-10.423463132722235,39.16106862251462,2025-04-21 11:48:23.655119,available
118,Kiwengwa Mchanga,Unguja,Kiwengwa Mchanga,Kiwengwa Mchanga,1,1,26,Master_Room,rent,553997,"Beautiful Master Room located in Kiwengwa Mchanga, Unguja. Perfect for individuals with 1 bedrooms and modern amenities.","Air Conditioning, Aluminum Windows, Water",Zawadi Msemwa,+255 660695802,zawadi.msemwa@example.com,-6.746537852330812,34.87064298918468,2025-08-26 11:48:23.655138,available
119,Mwanakwerekwe,Unguja,Mwanakwerekwe,Mwanakwerekwe,3,3,75,3_Bedroom_Apt,rent,1810166,Stunning 3 Bedroom Apt with 75 sqm of space. Located in the desirable Mwanakwerekwe neighborhood of Unguja.,"Pool, Ceramic Tiles, Security, Parking, Kitchen Cabinets",Joseph Mlay,+255 682124768,joseph.mlay@example.com,-4.780823215211945,34.70723894778976,2025-07-08 11:48:23.655159,available
120,Mkoani,Pemba,Mkoani,Mkoani,1,3,170,Apartment,sale,346441884,"Spacious Apartment in the heart of Mkoani. Features 1 bedrooms, 3 bathrooms, and 170 sqm of living space.","Security, Kitchen Cabinets, Balcony, WiFi, Ceramic Tiles, Pool",Zawadi Msemwa,+255 774124721,zawadi.msemwa@example.com,-5.306937804014719,39.19936178461579,2025-04-11 11:48:23.655181,available
121,Chake Chake,Pemba,Chake Chake,Chake Chake,3,2,113,3_Bedroom_Apt,rent,1541566,Stunning 3 Bedroom Apt with 113 sqm of space. Located in the desirable Chake Chake neighborhood of Pemba.,"Garden, Storage, Playground, Gym, Elevator, Air Conditioning, Water",Fatuma Ali,+255 671629413,fatuma.ali@example.com,-5.020892735012616,39.04165554424731,2025-06-28 11:48:23.655203,available
122,Mkoani,Pemba,Mkoani,Mkoani,4,1,139,Townhouse,rent,146149848,"Modern Townhouse in Mkoani, Pemba. Excellent condition with recent renovations. Ideal location with easy access to amenities.","Gym, Built-in Wardrobes, Garden, Elevator, Air Conditioning, Ceramic Tiles, Gated Community",Zawadi Msemwa,+255 663632055,zawadi.msemwa@example.com,-8.579887810434236,30.71235159775216,2025-05-03 11:48:23.655228,available
123,Mkoani,Pemba,Mkoani,Mkoani,3,3,193,Guest_House,rent,1640055,"Spacious Guest House in the heart of Mkoani. Features 3 bedrooms, 3 bathrooms, and 193 sqm of living space.","Storage, Gym, Pool, WiFi",David Msangi,+255 676584682,david.msangi@example.com,-9.05993338287451,30.360813589769286,2025-08-01 11:48:23.655247,available
124,Chake Chake,Pemba,Chake Chake,Chake Chake,1,1,42,1_Bedroom_Apt,rent,808909,"Modern 1 Bedroom Apt in Chake Chake, Pemba. Excellent condition with recent renovations. Ideal location with easy access to amenities.","Water, Garden, Solar Water Heater, Kitchen Cabinets",Anna Massawe,+255 770432398,anna.massawe@example.com,-1.1360542053849318,30.239010196102722,2026-01-23 11:48:23.655266,available
125,Mkoani,Pemba,Mkoani,Mkoani,2,2,88,2_Bedroom_Apt,rent,905216,"Modern 2 Bedroom Apt in Mkoani, Pemba. Excellent condition with recent renovations. Ideal location with easy access to amenities.","Elevator, Air Conditioning, Solar Water Heater, Backup Generator, Gated Community, Aluminum Windows, Playground, Ceramic Tiles",Thomas Mcharo,+255 728961104,thomas.mcharo@example.com,-5.932987718861039,37.03170161363556,2026-03-31 11:48:23.655371,available
126,Mkoani,Pemba,Mkoani,Mkoani,3,5,376,Villa,rent,1471176472,"Well-maintained Villa offering 3 bedrooms in Mkoani. Close to schools, hospitals, and shopping centers.","Gym, Gated Community, Pool, Electricity",Aisha Hassan,+255 649339393,aisha.hassan@example.com,-7.624275931996159,34.292804188873156,2026-01-25 11:48:23.655394,available
127,Chake Chake,Pemba,Chake Chake,Chake Chake,1,1,23,Master_Room,rent,285919,"Well-maintained Master Room offering 1 bedrooms in Chake Chake. Close to schools, hospitals, and shopping centers.","Garden, Backup Generator, Water, Playground, Built-in Wardrobes, Kitchen Cabinets, Solar Water Heater",Michael Nyoni,+255 776394178,michael.nyoni@example.com,-4.3562495278787825,30.308832815558386,2026-03-03 11:48:23.655415,available
128,Chake Chake,Pemba,Chake Chake,Chake Chake,5,3,147,House,sale,264331158,"Beautiful House located in Chake Chake, Pemba. Perfect for family with 5 bedrooms and modern amenities.","Security, Backup Generator, Ceramic Tiles, Parking",Joyce Mlay,+255 797547633,joyce.mlay@example.com,-9.85778342209014,32.907063410214505,2025-12-25 11:48:23.655433,available
129,Micheweni,Pemba,Micheweni,Micheweni,2,2,85,2_Bedroom_Apt,rent,833564,"Well-maintained 2 Bedroom Apt offering 2 bedrooms in Micheweni. Close to schools, hospitals, and shopping centers.","Ceramic Tiles, Gym, Aluminum Windows, Water, Storage",George Mgaya,+255 625757769,george.mgaya@example.com,-8.624279050718842,33.76827617112348,2025-06-25 11:48:23.655453,available
130,Nyangoro,Iringa,Nyangoro,Nyangoro,4,3,357,House,sale,550928447,Stunning House with 357 sqm of space. Located in the desirable Nyangoro neighborhood of Iringa.,"Gated Community, Solar Water Heater, Backup Generator, Air Conditioning, Aluminum Windows",James Mkenda,+255 710307415,james.mkenda@example.com,-5.777729221918329,36.201205855178074,2025-08-08 11:48:23.655474,available
131,Mkwakwani,Iringa,Mkwakwani,Mkwakwani,1,0,16,Single_Room,rent,172944,"Well-maintained Single Room offering 1 bedrooms in Mkwakwani. Close to schools, hospitals, and shopping centers.","Electricity, Ceramic Tiles, Gated Community, Kitchen Cabinets, Parking",Joyce Mlay,+255 765331892,joyce.mlay@example.com,-7.417896471476476,32.80219039029416,2025-06-10 11:48:23.655494,available
132,Mkwakwani,Iringa,Mkwakwani,Mkwakwani,2,1,74,2_Bedroom_Apt,rent,342094,Stunning 2 Bedroom Apt with 74 sqm of space. Located in the desirable Mkwakwani neighborhood of Iringa.,"Garden, Aluminum Windows, Balcony, Air Conditioning, Backup Generator, Elevator, Parking, Playground",Susan Kiwanga,+255 613476373,susan.kiwanga@example.com,-8.604305345371579,38.93858423784247,2026-01-16 11:48:23.655518,available
133,Kihesa,Iringa,Kihesa,Kihesa,3,2,94,3_Bedroom_Apt,rent,927180,Stunning 3 Bedroom Apt with 94 sqm of space. Located in the desirable Kihesa neighborhood of Iringa.,"Solar Water Heater, Backup Generator, Garden, WiFi, Gated Community, Electricity, Elevator, Air Conditioning",George Mgaya,+255 638554983,george.mgaya@example.com,-10.15834574389251,33.963205258270804,2025-10-12 11:48:23.655540,available
134,Ruaha,Iringa,Ruaha,Ruaha,1,1,45,Studio_Apartment,rent,312715,"Well-maintained Studio Apartment offering 1 bedrooms in Ruaha. Close to schools, hospitals, and shopping centers.","Aluminum Windows, Ceramic Tiles, Balcony, Playground, Built-in Wardrobes, Parking, Solar Water Heater, Backup Generator",John Mwangi,+255 763072466,john.mwangi@example.com,-5.279950205304001,37.27197766245213,2025-05-04 11:48:23.655565,available
135,Mkwakwani,Iringa,Mkwakwani,Mkwakwani,1,1,30,Hotel_Room,rent,217882,"Modern Hotel Room in Mkwakwani, Iringa. Excellent condition with recent renovations. Ideal location with easy access to amenities.","Kitchen Cabinets, Air Conditioning, Storage, Solar Water Heater, Backup Generator, Balcony, Parking",Sarah Kileo,+255 612618397,sarah.kileo@example.com,-6.062781889544896,36.17975894708802,2026-02-11 11:48:23.655597,available
136,Iringa,Iringa,Iringa,Iringa,1,1,19,Single_Room,rent,91398,"Well-maintained Single Room offering 1 bedrooms in Iringa. Close to schools, hospitals, and shopping centers.","Storage, Playground, Gated Community, WiFi, Water, Kitchen Cabinets, Aluminum Windows",James Mkenda,+255 685042580,james.mkenda@example.com,-1.3000914320911754,39.82559537144111,2025-08-13 11:48:23.655618,available
137,Marangu,Kilimanjaro,Marangu,Marangu,2,2,58,2_Bedroom_Apt,rent,1005831,"Modern 2 Bedroom Apt in Marangu, Kilimanjaro. Excellent condition with recent renovations. Ideal location with easy access to amenities.","Pool, Garden, Electricity, Elevator, Solar Water Heater, Kitchen Cabinets",David Msangi,+255 666287922,david.msangi@example.com,-5.374230942681292,36.928452338873356,2025-08-15 11:48:23.655642,available
138,Siha,Kilimanjaro,Siha,Siha,4,3,172,Townhouse,sale,464168264,"Beautiful Townhouse located in Siha, Kilimanjaro. Perfect for family with 4 bedrooms and modern amenities.","Aluminum Windows, Parking, Water, Storage, Gym, Playground",Robert Kalenga,+255 686625545,robert.kalenga@example.com,-9.056151773787075,33.39651027091483,2025-12-12 11:48:23.655662,available
139,Mwanga,Kilimanjaro,Mwanga,Mwanga,6,2,563,Villa,rent,915058831,"Beautiful Villa located in Mwanga, Kilimanjaro. Perfect for family with 6 bedrooms and modern amenities.","Ceramic Tiles, Solar Water Heater, Kitchen Cabinets, Gym, Built-in Wardrobes, Gated Community",Sarah Kileo,+255 760518421,sarah.kileo@example.com,-6.040913145010116,30.88889940591936,2025-10-24 11:48:23.655686,available
140,Ngorongoro,Kilimanjaro,Ngorongoro,Ngorongoro,4,4,216,Villa,rent,1093016304,"Beautiful Villa located in Ngorongoro, Kilimanjaro. Perfect for family with 4 bedrooms and modern amenities.","Security, Gated Community, Kitchen Cabinets, Balcony, WiFi, Gym, Solar Water Heater, Garden",Frank Mwanga,+255 711385972,frank.mwanga@example.com,-7.495601481466626,39.329335093039674,2025-07-31 11:48:23.655707,available
141,Mwanga,Kilimanjaro,Mwanga,Mwanga,4,3,91,Guest_House,rent,1312942,"Spacious Guest House in the heart of Mwanga. Features 4 bedrooms, 3 bathrooms, and 91 sqm of living space.","Pool, Playground, Aluminum Windows, Backup Generator, Kitchen Cabinets",George Mgaya,+255 624645408,george.mgaya@example.com,-6.6821922767993165,32.07819224024027,2025-10-31 11:48:23.655726,available
142,Marangu,Kilimanjaro,Marangu,Marangu,1,1,55,1_Bedroom_Apt,rent,496701,Stunning 1 Bedroom Apt with 55 sqm of space. Located in the desirable Marangu neighborhood of Kilimanjaro.,"Water, Ceramic Tiles, Built-in Wardrobes, Kitchen Cabinets, Aluminum Windows, Pool, Security",Robert Kalenga,+255 797513158,robert.kalenga@example.com,-1.7694406730669847,30.023520810311766,2026-02-26 11:48:23.655749,available
143,Mbulu,Manyara,Mbulu,Mbulu,4,3,276,Bungalow,rent,342798005,"Beautiful Bungalow located in Mbulu, Manyara. Perfect for family with 4 bedrooms and modern amenities.","Elevator, Playground, Solar Water Heater, Security, Parking, Kitchen Cabinets, Ceramic Tiles",Grace Mbeya,+255 685972841,grace.mbeya@example.com,-10.546180055435242,37.19897934645557,2026-03-31 11:48:23.655775,available
144,Magugu,Manyara,Magugu,Magugu,6,1,155,House,rent,210809892,Stunning House with 155 sqm of space. Located in the desirable Magugu neighborhood of Manyara.,"Security, Playground, Ceramic Tiles, Balcony",George Mgaya,+255 680746170,george.mgaya@example.com,-4.398125034975706,34.51783862394455,2025-09-06 11:48:23.655794,available
145,Gidamilanda,Manyara,Gidamilanda,Gidamilanda,1,0,14,Single_Room,rent,73050,Stunning Single Room with 14 sqm of space. Located in the desirable Gidamilanda neighborhood of Manyara.,"WiFi, Gym, Air Conditioning, Pool",Susan Kiwanga,+255 617361752,susan.kiwanga@example.com,-1.9082628083813766,33.06248608217098,2025-07-30 11:48:23.655813,available
146,Mangola,Manyara,Mangola,Mangola,4,5,272,Villa,rent,508310962,"Beautiful Villa located in Mangola, Manyara. Perfect for family with 4 bedrooms and modern amenities.","Balcony, Solar Water Heater, Pool, Air Conditioning",Joyce Mlay,+255 711640927,joyce.mlay@example.com,-5.168930920392246,37.71914009137934,2025-06-22 11:48:23.655831,available
147,Kiteto,Manyara,Kiteto,Kiteto,5,1,170,Townhouse,sale,253613119,"Modern Townhouse in Kiteto, Manyara. Excellent condition with recent renovations. Ideal location with easy access to amenities.","Parking, Balcony, Built-in Wardrobes, Garden, Ceramic Tiles, Gated Community, Playground, Kitchen Cabinets",Michael Nyoni,+255 731322495,michael.nyoni@example.com,-6.31453780855752,39.31062121912595,2026-01-29 11:48:23.655852,available
148,Kwaraa,Manyara,Kwaraa,Kwaraa,5,2,321,House,rent,547310965,Stunning House with 321 sqm of space. Located in the desirable Kwaraa neighborhood of Manyara.,"Elevator, Kitchen Cabinets, Water",Fatuma Ali,+255 632743324,fatuma.ali@example.com,-9.566775419857676,31.514963309168817,2026-01-22 11:48:23.655870,available
149,Gidamilanda,Manyara,Gidamilanda,Gidamilanda,1,1,32,Studio_Apartment,rent,159204,"Well-maintained Studio Apartment offering 1 bedrooms in Gidamilanda. Close to schools, hospitals, and shopping centers.","Solar Water Heater, Garden, Backup Generator",David Msangi,+255 755166147,david.msangi@example.com,-3.3522877624896177,31.498842209186762,2025-07-16 11:48:23.655888,available
150,Mbugwe,Manyara,Mbugwe,Mbugwe,3,1,270,Townhouse,rent,113845135,"Beautiful Townhouse located in Mbugwe, Manyara. Perfect for family with 3 bedrooms and modern amenities.","Kitchen Cabinets, Gated Community, Elevator, Storage, Solar Water Heater, Water, WiFi",Elizabeth Mwangaza,+255 749539508,elizabeth.mwangaza@example.com,-3.515280130686076,33.68633879640003,2025-07-10 11:48:23.655909,available
151,Katesh,Manyara,Katesh,Katesh,3,3,337,Bungalow,sale,110711672,"Beautiful Bungalow located in Katesh, Manyara. Perfect for family with 3 bedrooms and modern amenities.","Water, Gated Community, WiFi",Zawadi Msemwa,+255 628067966,zawadi.msemwa@example.com,-4.515670182509986,34.49137771610849,2025-10-31 11:48:23.655928,available
152,Mbugwe,Manyara,Mbugwe,Mbugwe,1,1,20,Bedsitter,rent,215572,"Beautiful Bedsitter located in Mbugwe, Manyara. Perfect for individuals with 1 bedrooms and modern amenities.","Built-in Wardrobes, WiFi, Storage, Aluminum Windows, Electricity, Security, Garden",James Mkenda,+255 615413252,james.mkenda@example.com,-7.601099844694154,32.375947463821646,2025-11-26 11:48:23.655952,available
153,Rungwa,Rukwa,Rungwa,Rungwa,4,2,116,Guest_House,rent,844267,"Spacious Guest House in the heart of Rungwa. Features 4 bedrooms, 2 bathrooms, and 116 sqm of living space.","Electricity, Built-in Wardrobes, Garden, Kitchen Cabinets, Gated Community, Solar Water Heater",Peter Kimario,+255 777771028,peter.kimario@example.com,-7.350646221833125,35.896187510581726,2026-02-20 11:48:23.655973,available
154,Karema,Rukwa,Karema,Karema,2,3,103,Apartment,rent,165864399,"Spacious Apartment in the heart of Karema. Features 2 bedrooms, 3 bathrooms, and 103 sqm of living space.","Water, Backup Generator, Storage, Garden, Aluminum Windows, Built-in Wardrobes, Ceramic Tiles",Elizabeth Mwangaza,+255 651303314,elizabeth.mwangaza@example.com,-4.308931846437826,30.668851202745262,2025-12-25 11:48:23.655993,available
155,Karema,Rukwa,Karema,Karema,1,1,33,Studio_Apartment,rent,81612,"Modern Studio Apartment in Karema, Rukwa. Excellent condition with recent renovations. Ideal location with easy access to amenities.","Balcony, Ceramic Tiles, Gym, Electricity, Kitchen Cabinets, Storage",Michael Nyoni,+255 627213269,michael.nyoni@example.com,-1.022265408224868,31.466642764700353,2025-08-13 11:48:23.656013,available
156,Matai,Rukwa,Matai,Matai,5,1,175,Townhouse,sale,169948588,Stunning Townhouse with 175 sqm of space. Located in the desirable Matai neighborhood of Rukwa.,"Pool, Aluminum Windows, Security, Parking, Built-in Wardrobes, Water, Elevator, WiFi",Sarah Kileo,+255 753675852,sarah.kileo@example.com,-7.891006211708462,31.61378908588237,2025-07-15 11:48:23.656034,available
157,Mwese,Rukwa,Mwese,Mwese,3,1,275,Townhouse,sale,268447618,Stunning Townhouse with 275 sqm of space. Located in the desirable Mwese neighborhood of Rukwa.,"Water, Elevator, Air Conditioning, Gym",Robert Kalenga,+255 784682657,robert.kalenga@example.com,-10.734300730047433,30.300660297537625,2026-01-18 11:48:23.656054,available
158,Kasanga,Katavi,Kasanga,Kasanga,2,2,234,Townhouse,sale,113825508,"Spacious Townhouse in the heart of Kasanga. Features 2 bedrooms, 2 bathrooms, and 234 sqm of living space.","Security, Ceramic Tiles, Garden",Thomas Mcharo,+255 789930963,thomas.mcharo@example.com,-2.272845847948945,37.38798325026969,2026-03-23 11:48:23.656073,available
159,Nsimbo,Katavi,Nsimbo,Nsimbo,2,2,162,Guest_House,rent,1148346,"Well-maintained Guest House offering 2 bedrooms in Nsimbo. Close to schools, hospitals, and shopping centers.","Security, Aluminum Windows, Ceramic Tiles",James Mkenda,+255 633323358,james.mkenda@example.com,-5.301996657371126,33.494323809418276,2025-05-25 11:48:23.656091,available
160,Uvinza,Katavi,Uvinza,Uvinza,1,1,37,Studio_Apartment,rent,159478,"Spacious Studio Apartment in the heart of Uvinza. Features 1 bedrooms, 1 bathrooms, and 37 sqm of living space.","Kitchen Cabinets, Solar Water Heater, Playground, Electricity, Elevator",Joseph Mlay,+255 631428133,joseph.mlay@example.com,-2.3178470414311043,38.32761823078603,2025-09-26 11:48:23.656111,available
161,Mwese,Katavi,Mwese,Mwese,1,1,28,Hotel_Room,rent,243021,Stunning Hotel Room with 28 sqm of space. Located in the desirable Mwese neighborhood of Katavi.,"Gated Community, Storage, Built-in Wardrobes, Electricity, Ceramic Tiles, Elevator, Solar Water Heater, Aluminum Windows",Sarah Kileo,+255 797770027,sarah.kileo@example.com,-10.632954723607623,39.21037478062577,2026-01-24 11:48:23.656134,available
162,Nsimbo,Katavi,Nsimbo,Nsimbo,1,1,32,Bedsitter,rent,73445,"Modern Bedsitter in Nsimbo, Katavi. Excellent condition with recent renovations. Ideal location with easy access to amenities.","Parking, Backup Generator, Ceramic Tiles, Elevator, Electricity",Anna Massawe,+255 732439243,anna.massawe@example.com,-6.967153944491765,31.316920839625134,2025-08-23 11:48:23.656158,available
163,Mpanda,Katavi,Mpanda,Mpanda,2,3,251,House,sale,381315997,Stunning House with 251 sqm of space. Located in the desirable Mpanda neighborhood of Katavi.,"Gated Community, Security, Electricity, Built-in Wardrobes, Storage, Kitchen Cabinets, WiFi, Aluminum Windows",Sarah Kileo,+255 689260373,sarah.kileo@example.com,-5.9530838762260645,32.16201181884176,2025-09-26 11:48:23.656178,available
164,Ilembula,Njombe,Ilembula,Ilembula,4,3,196,Bungalow,sale,305688269,"Spacious Bungalow in the heart of Ilembula. Features 4 bedrooms, 3 bathrooms, and 196 sqm of living space.","Elevator, Solar Water Heater, Electricity, Water, Storage, Backup Generator, WiFi",Fatuma Ali,+255 779191288,fatuma.ali@example.com,-8.222236450876869,31.545120235100374,2025-06-13 11:48:23.656198,available
165,Njombe,Njombe,Njombe,Njombe,1,1,51,1_Bedroom_Apt,rent,242934,"Modern 1 Bedroom Apt in Njombe, Njombe. Excellent condition with recent renovations. Ideal location with easy access to amenities.","Balcony, Garden, Gym, Pool, Elevator, Air Conditioning, Playground",Sarah Kileo,+255 780596243,sarah.kileo@example.com,-3.2819025187747775,34.60300984368747,2025-09-18 11:48:23.656218,available
166,Madunda,Njombe,Madunda,Madunda,1,1,38,Hotel_Room,rent,487686,"Modern Hotel Room in Madunda, Njombe. Excellent condition with recent renovations. Ideal location with easy access to amenities.","Parking, Kitchen Cabinets, Air Conditioning",Aisha Hassan,+255 754530210,aisha.hassan@example.com,-9.734405951198863,39.927298954395695,2025-08-10 11:48:23.656240,available
167,Manda,Njombe,Manda,Manda,1,1,32,Hotel_Room,rent,483311,"Modern Hotel Room in Manda, Njombe. Excellent condition with recent renovations. Ideal location with easy access to amenities.","Balcony, Security, Pool, Ceramic Tiles, Garden",Susan Kiwanga,+255 779349650,susan.kiwanga@example.com,-7.723029681946481,32.46780767143269,2025-12-02 11:48:23.656259,available
168,Ilembula,Njombe,Ilembula,Ilembula,4,3,157,Townhouse,sale,335009121,"Modern Townhouse in Ilembula, Njombe. Excellent condition with recent renovations. Ideal location with easy access to amenities.","Air Conditioning, Aluminum Windows, Ceramic Tiles",Elizabeth Mwangaza,+255 769917748,elizabeth.mwangaza@example.com,-1.8113042500118386,38.34496983865489,2025-08-27 11:48:23.656279,available
169,Njombe,Njombe,Njombe,Njombe,3,3,299,Townhouse,sale,315654586,Stunning Townhouse with 299 sqm of space. Located in the desirable Njombe neighborhood of Njombe.,"Kitchen Cabinets, Storage, Built-in Wardrobes, Air Conditioning",James Mkenda,+255 643195500,james.mkenda@example.com,-5.617104347652628,31.032963226680906,2026-02-04 11:48:23.656304,available
170,Mlandizi,Njombe,Mlandizi,Mlandizi,3,3,77,3_Bedroom_Apt,rent,1484253,"Modern 3 Bedroom Apt in Mlandizi, Njombe. Excellent condition with recent renovations. Ideal location with easy access to amenities.","Garden, Pool, WiFi, Playground, Water, Backup Generator, Ceramic Tiles, Built-in Wardrobes",Elizabeth Mwangaza,+255 768662366,elizabeth.mwangaza@example.com,-8.642989797447346,30.044339921443008,2025-07-15 11:48:23.656325,available
171,Somanga,Lindi,Somanga,Somanga,3,2,78,3_Bedroom_Apt,rent,652295,"Beautiful 3 Bedroom Apt located in Somanga, Lindi. Perfect for family with 3 bedrooms and modern amenities.","Kitchen Cabinets, Balcony, Security, Solar Water Heater, Playground",Sarah Kileo,+255 635190891,sarah.kileo@example.com,-3.390992986753851,39.62572548395073,2025-07-20 11:48:23.656346,available
172,Ruangwa,Lindi,Ruangwa,Ruangwa,5,1,169,Townhouse,rent,346262315,"Beautiful Townhouse located in Ruangwa, Lindi. Perfect for family with 5 bedrooms and modern amenities.","WiFi, Water, Electricity, Storage, Air Conditioning, Pool, Parking, Balcony",Elizabeth Mwangaza,+255 759056992,elizabeth.mwangaza@example.com,-7.017851048605997,33.69885844121607,2026-02-12 11:48:23.656369,available
173,Liwale,Lindi,Liwale,Liwale,5,3,178,Townhouse,rent,116611904,"Modern Townhouse in Liwale, Lindi. Excellent condition with recent renovations. Ideal location with easy access to amenities.","Built-in Wardrobes, Water, Kitchen Cabinets, Electricity, Aluminum Windows, Ceramic Tiles, Solar Water Heater",Fatuma Ali,+255 666848855,fatuma.ali@example.com,-1.5696828628549486,37.134789483933275,2025-08-05 11:48:23.656389,available
174,Nachingwea,Lindi,Nachingwea,Nachingwea,2,3,202,Apartment,rent,148888869,"Beautiful Apartment located in Nachingwea, Lindi. Perfect for individuals with 2 bedrooms and modern amenities.","Garden, Security, WiFi, Gym, Backup Generator, Water, Pool, Solar Water Heater",James Mkenda,+255 660320467,james.mkenda@example.com,-7.273692204288191,37.80466677966114,2025-05-01 11:48:23.656411,available
175,Liwale,Lindi,Liwale,Liwale,3,3,113,3_Bedroom_Apt,rent,441906,"Spacious 3 Bedroom Apt in the heart of Liwale. Features 3 bedrooms, 3 bathrooms, and 113 sqm of living space.","Air Conditioning, Gym, WiFi, Elevator, Gated Community, Security, Solar Water Heater",Fatuma Ali,+255 640942439,fatuma.ali@example.com,-3.558799405193609,34.863135548082624,2025-11-16 11:48:23.656432,available
176,Nachingwea,Lindi,Nachingwea,Nachingwea,1,1,27,Bedsitter,rent,180695,"Modern Bedsitter in Nachingwea, Lindi. Excellent condition with recent renovations. Ideal location with easy access to amenities.","Water, Aluminum Windows, Balcony, Electricity, Parking, Elevator, Kitchen Cabinets, Playground",Elizabeth Mwangaza,+255 712060078,elizabeth.mwangaza@example.com,-8.591260771387327,36.677076807795785,2025-10-25 11:48:23.656456,available
177,Ruangwa,Lindi,Ruangwa,Ruangwa,2,2,57,2_Bedroom_Apt,rent,695429,Stunning 2 Bedroom Apt with 57 sqm of space. Located in the desirable Ruangwa neighborhood of Lindi.,"Air Conditioning, Electricity, Security, WiFi",John Mwangi,+255 727404738,john.mwangi@example.com,-1.8181480564369874,32.58055911983799,2025-09-16 11:48:23.656479,available
178,Somanga,Lindi,Somanga,Somanga,3,3,94,3_Bedroom_Apt,rent,1192784,"Modern 3 Bedroom Apt in Somanga, Lindi. Excellent condition with recent renovations. Ideal location with easy access to amenities.","Balcony, Elevator, Solar Water Heater, Gym, Aluminum Windows, Security, Electricity",Frank Mwanga,+255 727845790,frank.mwanga@example.com,-8.466187580430226,32.67110957281796,2026-02-15 11:48:23.656500,available
179,Liwale,Lindi,Liwale,Liwale,1,1,29,Bedsitter,rent,143102,Stunning Bedsitter with 29 sqm of space. Located in the desirable Liwale neighborhood of Lindi.,"Storage, Gated Community, Water, WiFi, Security, Pool",Elizabeth Mwangaza,+255 681180995,elizabeth.mwangaza@example.com,-3.6356090590932606,31.122265846747094,2025-07-26 11:48:23.656519,available
180,Lindi,Lindi,Lindi,Lindi,3,1,214,Townhouse,sale,176742336,"Spacious Townhouse in the heart of Lindi. Features 3 bedrooms, 1 bathrooms, and 214 sqm of living space.","Gated Community, Playground, Balcony, Aluminum Windows, Electricity, Air Conditioning, Ceramic Tiles",Aisha Hassan,+255 679145883,aisha.hassan@example.com,-6.111436259056194,32.715725547707365,2025-08-03 11:48:23.656539,available
181,Mwalimu,Mara,Mwalimu,Mwalimu,1,1,21,Master_Room,rent,259348,"Beautiful Master Room located in Mwalimu, Mara. Perfect for individuals with 1 bedrooms and modern amenities.","Built-in Wardrobes, Garden, Air Conditioning, Water, Parking, Kitchen Cabinets, Aluminum Windows, Security",Joseph Mlay,+255 737339927,joseph.mlay@example.com,-8.704076711200745,36.64362445266736,2025-06-25 11:48:23.656560,available
182,Musoma,Mara,Musoma,Musoma,5,2,176,Bungalow,sale,125417562,"Modern Bungalow in Musoma, Mara. Excellent condition with recent renovations. Ideal location with easy access to amenities.","Backup Generator, Storage, WiFi, Parking, Security, Water, Balcony",Sarah Kileo,+255 617877874,sarah.kileo@example.com,-7.914367287634418,33.536042400094836,2025-10-29 11:48:23.656584,available
183,Mwalimu,Mara,Mwalimu,Mwalimu,6,1,366,House,rent,458115225,"Well-maintained House offering 6 bedrooms in Mwalimu. Close to schools, hospitals, and shopping centers.","Aluminum Windows, Solar Water Heater, Storage, Balcony, Gym, Backup Generator",Aisha Hassan,+255 674229755,aisha.hassan@example.com,-6.576035772011689,38.896266370820186,2025-04-20 11:48:23.656606,available
184,Tarime,Mara,Tarime,Tarime,1,1,29,Master_Room,rent,98153,Stunning Master Room with 29 sqm of space. Located in the desirable Tarime neighborhood of Mara.,"Elevator, Solar Water Heater, Gated Community, Ceramic Tiles, Backup Generator, Aluminum Windows",Michael Nyoni,+255 693006530,michael.nyoni@example.com,-7.724358339179055,32.2953129904479,2025-05-08 11:48:23.656630,available
185,Sukuma,Mara,Sukuma,Sukuma,4,1,147,Apartment,sale,310934948,Stunning Apartment with 147 sqm of space. Located in the desirable Sukuma neighborhood of Mara.,"Solar Water Heater, Water, WiFi, Electricity, Air Conditioning",Zawadi Msemwa,+255 648265951,zawadi.msemwa@example.com,-10.88423514019749,34.26221808351739,2025-09-21 11:48:23.656650,available
186,Serengeti,Mara,Serengeti,Serengeti,2,1,269,Townhouse,rent,362583380,"Beautiful Townhouse located in Serengeti, Mara. Perfect for individuals with 2 bedrooms and modern amenities.","Storage, Electricity, Backup Generator, Security, Built-in Wardrobes, Solar Water Heater",Joyce Mlay,+255 739403215,joyce.mlay@example.com,-5.15548261234099,32.14563928048921,2025-08-18 11:48:23.656669,available
187,Sukuma,Mara,Sukuma,Sukuma,3,2,280,Townhouse,rent,161611234,"Well-maintained Townhouse offering 3 bedrooms in Sukuma. Close to schools, hospitals, and shopping centers.","Gym, Garden, Ceramic Tiles, Built-in Wardrobes, Security, Air Conditioning",Joyce Mlay,+255 650937438,joyce.mlay@example.com,-4.419283569329706,30.106993033374078,2025-07-11 11:48:23.656689,available
188,Kahama,Shinyanga,Kahama,Kahama,6,3,262,Villa,sale,559505379,"Modern Villa in Kahama, Shinyanga. Excellent condition with recent renovations. Ideal location with easy access to amenities.","Balcony, Parking, Built-in Wardrobes",Miriam Kessy,+255 637821784,miriam.kessy@example.com,-4.65514043037239,36.975623104049205,2025-08-13 11:48:23.656709,available
189,Uyui,Shinyanga,Uyui,Uyui,1,1,27,Studio_Apartment,rent,377013,"Well-maintained Studio Apartment offering 1 bedrooms in Uyui. Close to schools, hospitals, and shopping centers.","Water, Ceramic Tiles, Aluminum Windows, Gated Community, Garden",Joseph Mlay,+255 795510891,joseph.mlay@example.com,-9.611076367838493,37.612608182913554,2025-08-25 11:48:23.656729,available
190,Mwanhala,Shinyanga,Mwanhala,Mwanhala,1,1,57,1_Bedroom_Apt,rent,402815,"Well-maintained 1 Bedroom Apt offering 1 bedrooms in Mwanhala. Close to schools, hospitals, and shopping centers.","Elevator, Pool, Security",Peter Kimario,+255 665713846,peter.kimario@example.com,-5.4537000237206605,38.26473218288529,2025-05-12 11:48:23.656747,available
191,Malampaka,Shinyanga,Malampaka,Malampaka,1,1,49,1_Bedroom_Apt,rent,628927,"Modern 1 Bedroom Apt in Malampaka, Shinyanga. Excellent condition with recent renovations. Ideal location with easy access to amenities.","Playground, Electricity, Ceramic Tiles, Gym, Kitchen Cabinets, Storage",George Mgaya,+255 617081833,george.mgaya@example.com,-6.281543656135025,31.124920501140508,2026-03-16 11:48:23.656766,available
192,Kishapu,Shinyanga,Kishapu,Kishapu,1,1,42,1_Bedroom_Apt,rent,385700,Stunning 1 Bedroom Apt with 42 sqm of space. Located in the desirable Kishapu neighborhood of Shinyanga.,"Gym, Electricity, Playground, WiFi, Aluminum Windows",Elizabeth Mwangaza,+255 629700399,elizabeth.mwangaza@example.com,-6.6583928399972,32.412555111482895,2025-12-18 11:48:23.656788,available
193,Kishapu,Shinyanga,Kishapu,Kishapu,1,1,41,Studio_Apartment,rent,115707,"Well-maintained Studio Apartment offering 1 bedrooms in Kishapu. Close to schools, hospitals, and shopping centers.","Gated Community, Ceramic Tiles, Solar Water Heater, Air Conditioning, Gym, Balcony, Elevator, Security",David Msangi,+255 686869342,david.msangi@example.com,-5.966187471120113,36.93644083569798,2025-05-19 11:48:23.656812,available
194,Shinyanga,Shinyanga,Shinyanga,Shinyanga,4,3,263,House,sale,382781018,"Beautiful House located in Shinyanga, Shinyanga. Perfect for family with 4 bedrooms and modern amenities.","Gym, Built-in Wardrobes, Ceramic Tiles, Garden, Gated Community, Parking, WiFi, Solar Water Heater",Frank Mwanga,+255 766911633,frank.mwanga@example.com,-1.615807753267518,38.83718911699437,2025-12-23 11:48:23.656833,available
195,Maswa,Simiyu,Maswa,Maswa,2,1,70,2_Bedroom_Apt,rent,891255,"Modern 2 Bedroom Apt in Maswa, Simiyu. Excellent condition with recent renovations. Ideal location with easy access to amenities.","Built-in Wardrobes, Kitchen Cabinets, WiFi, Backup Generator, Security",Susan Kiwanga,+255 620456662,susan.kiwanga@example.com,-1.2570574049122918,36.359372571421964,2025-05-16 11:48:23.656853,available
196,Mwabayuhi,Simiyu,Mwabayuhi,Mwabayuhi,1,1,35,Bedsitter,rent,57711,"Beautiful Bedsitter located in Mwabayuhi, Simiyu. Perfect for individuals with 1 bedrooms and modern amenities.","Solar Water Heater, Gated Community, Security, Balcony, Garden, Backup Generator",Robert Kalenga,+255 638154507,robert.kalenga@example.com,-9.38421795439709,38.213095587484545,2026-01-03 11:48:23.656874,available
197,Mwanhuzi,Simiyu,Mwanhuzi,Mwanhuzi,2,2,52,2_Bedroom_Apt,rent,930459,"Spacious 2 Bedroom Apt in the heart of Mwanhuzi. Features 2 bedrooms, 2 bathrooms, and 52 sqm of living space.","Parking, WiFi, Storage, Aluminum Windows",John Mwangi,+255 786389558,john.mwangi@example.com,-2.8312617529285937,32.20031460631904,2026-01-08 11:48:23.656892,available
198,Mwanhuzi,Simiyu,Mwanhuzi,Mwanhuzi,7,6,462,Villa,rent,690654740,"Beautiful Villa located in Mwanhuzi, Simiyu. Perfect for family with 7 bedrooms and modern amenities.","Playground, Air Conditioning, Kitchen Cabinets, Parking, Backup Generator, Storage, Pool, Solar Water Heater",Frank Mwanga,+255 751409241,frank.mwanga@example.com,-1.6503968662989017,36.603239199438036,2025-08-28 11:48:23.656912,available
199,Meatu,Simiyu,Meatu,Meatu,3,3,93,3_Bedroom_Apt,rent,365974,"Well-maintained 3 Bedroom Apt offering 3 bedrooms in Meatu. Close to schools, hospitals, and shopping centers.","Playground, Balcony, Parking, WiFi, Elevator, Solar Water Heater",Robert Kalenga,+255 779582470,robert.kalenga@example.com,-3.973204516583219,31.89482668926395,2025-04-24 11:48:23.656931,available
200,Chato,Geita,Chato,Chato,4,1,210,Townhouse,sale,395115087,"Spacious Townhouse in the heart of Chato. Features 4 bedrooms, 1 bathrooms, and 210 sqm of living space.","Electricity, Garden, Air Conditioning",Miriam Kessy,+255 697735372,miriam.kessy@example.com,-7.951775182858881,32.275462911244624,2025-06-15 11:48:23.656954,available
201,Geita,Geita,Geita,Geita,1,0,12,Single_Room,rent,134155,"Spacious Single Room in the heart of Geita. Features 1 bedrooms, 0 bathrooms, and 12 sqm of living space.","Gym, Garden, Ceramic Tiles, Aluminum Windows, Balcony, Water, Electricity",Miriam Kessy,+255 689197829,miriam.kessy@example.com,-9.899754575564438,30.410863403227776,2025-06-16 11:48:23.656976,available
202,Katoro,Geita,Katoro,Katoro,4,1,190,Townhouse,rent,135078954,"Modern Townhouse in Katoro, Geita. Excellent condition with recent renovations. Ideal location with easy access to amenities.","Playground, Elevator, Kitchen Cabinets, WiFi, Solar Water Heater, Pool, Security",Anna Massawe,+255 786395055,anna.massawe@example.com,-2.383229438492858,33.3603582069187,2025-04-05 11:48:23.657000,available
203,Mbogwe,Geita,Mbogwe,Mbogwe,4,2,83,Guest_House,rent,894154,"Spacious Guest House in the heart of Mbogwe. Features 4 bedrooms, 2 bathrooms, and 83 sqm of living space.","Storage, Gated Community, Garden, Solar Water Heater",Robert Kalenga,+255 637476487,robert.kalenga@example.com,-3.0508923467350924,33.10609113928775,2026-02-13 11:48:23.657020,available
204,Katoro,Geita,Katoro,Katoro,1,1,34,Bedsitter,rent,126488,"Modern Bedsitter in Katoro, Geita. Excellent condition with recent renovations. Ideal location with easy access to amenities.","Pool, Ceramic Tiles, Water, Garden, Solar Water Heater, Balcony",Fatuma Ali,+255 686164137,fatuma.ali@example.com,-1.8503108201416278,36.474080368653865,2025-04-30 11:48:23.657039,available
205,Nzera,Geita,Nzera,Nzera,1,1,27,Master_Room,rent,301894,Stunning Master Room with 27 sqm of space. Located in the desirable Nzera neighborhood of Geita.,"Air Conditioning, Balcony, Security, Playground",Frank Mwanga,+255 656563824,frank.mwanga@example.com,-10.496958688213878,38.41344819162206,2025-09-20 11:48:23.657058,available
206,Bukombe,Geita,Bukombe,Bukombe,1,1,42,1_Bedroom_Apt,rent,312397,"Beautiful 1 Bedroom Apt located in Bukombe, Geita. Perfect for individuals with 1 bedrooms and modern amenities.","WiFi, Balcony, Water, Garden",Elizabeth Mwangaza,+255 674457305,elizabeth.mwangaza@example.com,-7.413583476010159,36.40292214236449,2025-10-22 11:48:23.657076,available
207,Mbarali,Songwe,Mbarali,Mbarali,1,1,36,1_Bedroom_Apt,rent,481000,"Modern 1 Bedroom Apt in Mbarali, Songwe. Excellent condition with recent renovations. Ideal location with easy access to amenities.","Gated Community, Solar Water Heater, Ceramic Tiles, Pool, Balcony, Water, Security",Elizabeth Mwangaza,+255 633388891,elizabeth.mwangaza@example.com,-7.753493137465803,38.06531135683057,2025-11-16 11:48:23.657098,available
208,Isaka,Songwe,Isaka,Isaka,1,1,27,Master_Room,rent,243416,"Spacious Master Room in the heart of Isaka. Features 1 bedrooms, 1 bathrooms, and 27 sqm of living space.","Pool, Water, Gym",Anna Massawe,+255 693349680,anna.massawe@example.com,-9.306465696839936,39.69078626933306,2025-07-04 11:48:23.657117,available
209,Chunya,Songwe,Chunya,Chunya,1,1,15,Single_Room,rent,48818,"Well-maintained Single Room offering 1 bedrooms in Chunya. Close to schools, hospitals, and shopping centers.","Aluminum Windows, Elevator, Storage, Air Conditioning",Michael Nyoni,+255 629909087,michael.nyoni@example.com,-5.374521039627703,31.826552436489507,2025-12-14 11:48:23.657136,available
210,Mbarali,Songwe,Mbarali,Mbarali,3,3,117,3_Bedroom_Apt,rent,852804,"Beautiful 3 Bedroom Apt located in Mbarali, Songwe. Perfect for family with 3 bedrooms and modern amenities.","Gym, Aluminum Windows, Backup Generator, Water, Ceramic Tiles",Aisha Hassan,+255 730098545,aisha.hassan@example.com,-6.31881084426701,30.715973706576882,2026-03-23 11:48:23.657155,available
211,Vwawa,Songwe,Vwawa,Vwawa,1,1,14,Single_Room,rent,54515,"Spacious Single Room in the heart of Vwawa. Features 1 bedrooms, 1 bathrooms, and 14 sqm of living space.","Electricity, Aluminum Windows, Parking, Elevator, Air Conditioning, WiFi, Storage, Ceramic Tiles",Susan Kiwanga,+255 788505399,susan.kiwanga@example.com,-1.9333203653503546,34.83759326324224,2026-02-10 11:48:23.657175,available
212,Igurusi,Songwe,Igurusi,Igurusi,1,1,37,1_Bedroom_Apt,rent,190466,"Modern 1 Bedroom Apt in Igurusi, Songwe. Excellent condition with recent renovations. Ideal location with easy access to amenities.","Gym, Kitchen Cabinets, Built-in Wardrobes, Elevator, Playground, Balcony, Ceramic Tiles, Pool",Thomas Mcharo,+255 731411592,thomas.mcharo@example.com,-4.348984705305514,36.28283228192565,2025-06-30 11:48:23.657200,available
213,Vwawa,Songwe,Vwawa,Vwawa,4,2,115,Guest_House,rent,893008,"Well-maintained Guest House offering 4 bedrooms in Vwawa. Close to schools, hospitals, and shopping centers.","Storage, Pool, Gated Community, Garden",Grace Mbeya,+255 763435784,grace.mbeya@example.com,-2.489856741590053,33.27706840155071,2026-02-10 11:48:23.657220,available
214,Ileje,Songwe,Ileje,Ileje,1,1,34,Hotel_Room,rent,469488,"Spacious Hotel Room in the heart of Ileje. Features 1 bedrooms, 1 bathrooms, and 34 sqm of living space.","Kitchen Cabinets, Water, Pool, Built-in Wardrobes, Playground",Aisha Hassan,+255 633811063,aisha.hassan@example.com,-3.149056597998263,36.400973312187276,2025-08-31 11:48:23.657239,available
215,Mbarali,Songwe,Mbarali,Mbarali,1,0,18,Single_Room,rent,42485,Stunning Single Room with 18 sqm of space. Located in the desirable Mbarali neighborhood of Songwe.,"Gym, Storage, Parking, Garden, Gated Community",Robert Kalenga,+255 746657817,robert.kalenga@example.com,-3.6738323763199476,31.791591477230327,2026-02-12 11:48:23.657258,available
216,Vwawa,Songwe,Vwawa,Vwawa,3,3,179,Townhouse,rent,211882760,"Spacious Townhouse in the heart of Vwawa. Features 3 bedrooms, 3 bathrooms, and 179 sqm of living space.","Backup Generator, Electricity, Air Conditioning, Ceramic Tiles",Robert Kalenga,+255 750079847,robert.kalenga@example.com,-1.0670612203687107,30.893826855058165,2026-03-31 11:48:23.657278,available
